"No.","Time","Source","Destination","Protocol","Length","Info"
"1","0.000000","192.168.43.23","52.214.135.3","TCP","66","52187  >  443 [SYN] Seq=0 Win=17520 Len=0 MSS=1460 WS=256 SACK_PERM=1"
"2","0.318813","192.168.43.23","10.1.0.45","UDP","107","64785  >  6060 Len=65"
"3","0.511199","192.168.43.23","192.168.43.1","DNS","94","Standard query 0x6fbc A elb-irl-amz.nimbus.bitdefender.net"
"4","0.585799","81.161.59.96","192.168.43.23","TCP","54","80  >  52065 [ACK] Seq=1 Ack=1 Win=1 Len=0"
"5","0.585871","192.168.43.23","81.161.59.96","TCP","54","[TCP ACKed unseen segment] 52065  >  80 [ACK] Seq=1 Ack=2 Win=68 Len=0"
"6","0.586237","81.161.59.130","192.168.43.23","TCP","54","80  >  52177 [ACK] Seq=1 Ack=1 Win=3 Len=0"
"7","0.586238","81.161.59.85","192.168.43.23","TCP","54","80  >  52183 [ACK] Seq=1 Ack=1 Win=1 Len=0"
"8","0.586290","192.168.43.23","81.161.59.130","TCP","54","[TCP ACKed unseen segment] 52177  >  80 [ACK] Seq=1 Ack=2 Win=64 Len=0"
"9","0.586421","192.168.43.23","81.161.59.85","TCP","54","[TCP ACKed unseen segment] 52183  >  80 [ACK] Seq=1 Ack=2 Win=66 Len=0"
"10","0.587716","81.161.59.90","192.168.43.23","HTTP","333","HTTP/1.1 200 OK  (application/json)"
"11","0.587718","136.243.37.214","192.168.43.23","TLSv1.2","85","Application Data"
"12","0.588321","192.168.43.23","81.161.59.90","HTTP","149","GET /poll?push_id=09cfeb4b-5cf1-4509-be3b-c3b924dc9565 HTTP/1.1 "
"13","0.588512","192.168.43.23","136.243.37.214","TLSv1.2","89","Application Data"
"14","0.590789","81.161.59.90","192.168.43.23","HTTP","333","[TCP Spurious Retransmission] HTTP/1.1 200 OK  (application/json)"
"15","0.590790","136.243.37.214","192.168.43.23","TLSv1.2","85","[TCP Spurious Retransmission] , Application Data"
"16","0.590792","81.161.59.90","192.168.43.23","HTTP","333","[TCP Spurious Retransmission] HTTP/1.1 200 OK  (application/json)"
"17","0.590793","136.243.37.214","192.168.43.23","TLSv1.2","85","[TCP Spurious Retransmission] , Application Data"
"18","0.590868","192.168.43.23","81.161.59.90","TCP","66","[TCP Dup ACK 12#1] 52178  >  80 [ACK] Seq=96 Ack=280 Win=64 Len=0 SLE=1 SRE=280"
"19","0.591029","192.168.43.23","136.243.37.214","TCP","66","[TCP Dup ACK 13#1] 51487  >  443 [ACK] Seq=36 Ack=32 Win=66 Len=0 SLE=1 SRE=32"
"20","0.591108","192.168.43.23","81.161.59.90","TCP","66","[TCP Dup ACK 12#2] 52178  >  80 [ACK] Seq=96 Ack=280 Win=64 Len=0 SLE=1 SRE=280"
"21","0.591177","192.168.43.23","136.243.37.214","TCP","66","[TCP Dup ACK 13#2] 51487  >  443 [ACK] Seq=36 Ack=32 Win=66 Len=0 SLE=1 SRE=32"
"22","0.607310","192.168.43.1","192.168.43.23","DNS","286","Standard query response 0x6fbc A elb-irl-amz.nimbus.bitdefender.net CNAME kube-nimbus-1399884016.eu-west-1.elb.amazonaws.com A 52.214.233.55 A 52.48.249.100 A 52.30.33.250 A 52.215.77.218 A 52.214.121.252 A 52.214.39.79 A 52.214.135.3 A 46.51.195.194"
"23","0.608181","192.168.43.23","52.214.233.55","TCP","66","52188  >  443 [SYN] Seq=0 Win=17520 Len=0 MSS=1460 WS=256 SACK_PERM=1"
"24","0.663089","52.214.135.3","192.168.43.23","TCP","58","443  >  52187 [SYN, ACK] Seq=0 Ack=1 Win=26883 Len=0 MSS=1360"
"25","0.905618","136.243.37.214","192.168.43.23","TCP","54","443  >  51487 [ACK] Seq=32 Ack=36 Win=291 Len=0"
"26","0.905620","52.214.233.55","192.168.43.23","TCP","58","443  >  52188 [SYN, ACK] Seq=0 Ack=1 Win=26883 Len=0 MSS=1360"
"27","0.905989","192.168.43.23","52.214.233.55","TCP","54","52188  >  443 [ACK] Seq=1 Ack=1 Win=17520 Len=0"
"28","0.906356","192.168.43.23","52.214.233.55","TLSv1.2","255","Client Hello"
"29","0.957332","81.161.59.90","192.168.43.23","TCP","54","80  >  52178 [ACK] Seq=280 Ack=96 Win=1 Len=0"
"30","1.317265","52.214.233.55","192.168.43.23","TCP","54","443  >  52188 [ACK] Seq=1 Ack=202 Win=26800 Len=0"
"31","1.317266","52.214.233.55","192.168.43.23","TLSv1.2","1354","Server Hello"
"32","1.317268","52.214.233.55","192.168.43.23","TCP","1354","443  >  52188 [ACK] Seq=1301 Ack=202 Win=26800 Len=1300 [TCP segment of a reassembled PDU]"
"33","1.317273","52.214.233.55","192.168.43.23","TLSv1.2","633","Certificate, Server Key Exchange, Server Hello Done"
"34","1.317469","192.168.43.23","52.214.233.55","TCP","54","52188  >  443 [ACK] Seq=202 Ack=3180 Win=17520 Len=0"
"35","1.318988","81.161.59.96","192.168.43.23","TCP","54","80  >  52176 [ACK] Seq=1 Ack=1 Win=1 Len=0"
"36","1.319052","192.168.43.23","81.161.59.96","TCP","54","[TCP ACKed unseen segment] 52176  >  80 [ACK] Seq=1 Ack=2 Win=65 Len=0"
"37","1.329281","192.168.43.23","52.214.233.55","TLSv1.2","180","Client Key Exchange, Change Cipher Spec, Encrypted Handshake Message"
"38","1.829323","192.168.43.23","52.214.233.55","TCP","54","52188  >  443 [FIN, ACK] Seq=328 Ack=3180 Win=17520 Len=0"
"39","1.839475","52.214.233.55","192.168.43.23","TLSv1.2","105","Change Cipher Spec, Encrypted Handshake Message"
"40","1.839824","192.168.43.23","52.214.233.55","TCP","54","52188  >  443 [RST, ACK] Seq=329 Ack=3231 Win=0 Len=0"
"41","2.544314","52.214.233.55","192.168.43.23","TLSv1.2","85","Encrypted Alert"
"42","2.544316","52.214.233.55","192.168.43.23","TCP","54","443  >  52188 [FIN, ACK] Seq=3262 Ack=329 Win=26800 Len=0"
"43","2.544317","81.161.59.96","192.168.43.23","HTTP","333","[TCP Previous segment not captured] HTTP/1.1 200 OK  (application/json)"
"44","2.545558","192.168.43.23","81.161.59.96","HTTP","149","[TCP ACKed unseen segment] GET /poll?push_id=58172c67-f7f5-4e72-a474-c5d043d4cfd7 HTTP/1.1 "
"45","2.953775","81.161.59.96","192.168.43.23","HTTP","333","[TCP Previous segment not captured] HTTP/1.1 200 OK  (application/json)"
"46","2.954815","192.168.43.23","81.161.59.96","HTTP","149","[TCP ACKed unseen segment] GET /poll?push_id=74595a30-676c-4e09-a079-887726b3b4ab HTTP/1.1 "
"47","3.031709","81.161.59.96","192.168.43.23","TCP","54","80  >  52065 [ACK] Seq=281 Ack=96 Win=1 Len=0"
"48","3.773006","81.161.59.96","192.168.43.23","TCP","54","80  >  52176 [ACK] Seq=281 Ack=96 Win=1 Len=0"
"49","5.411196","192.168.43.1","192.168.43.23","TCP","74","43303  >  8081 [SYN] Seq=0 Win=65535 Len=0 MSS=1460 SACK_PERM=1 TSval=19813964 TSecr=0 WS=256"
"50","5.411198","192.168.43.1","192.168.43.23","TCP","74","43305  >  8081 [SYN] Seq=0 Win=65535 Len=0 MSS=1460 SACK_PERM=1 TSval=19813964 TSecr=0 WS=256"
"51","5.411494","192.168.43.23","192.168.43.1","TCP","66","8081  >  43303 [SYN, ACK] Seq=0 Ack=1 Win=17520 Len=0 MSS=1460 WS=256 SACK_PERM=1"
"52","5.411782","192.168.43.23","192.168.43.1","TCP","66","8081  >  43305 [SYN, ACK] Seq=0 Ack=1 Win=17520 Len=0 MSS=1460 WS=256 SACK_PERM=1"
"53","5.415124","192.168.43.1","192.168.43.23","TCP","54","43303  >  8081 [ACK] Seq=1 Ack=1 Win=87808 Len=0"
"54","5.415126","192.168.43.1","192.168.43.23","TCP","54","43305  >  8081 [ACK] Seq=1 Ack=1 Win=87808 Len=0"
"55","5.416382","192.168.43.1","192.168.43.23","HTTP","500","GET / HTTP/1.1 "
"56","5.418401","192.168.43.23","52.48.249.100","TCP","66","52189  >  443 [SYN] Seq=0 Win=17520 Len=0 MSS=1460 WS=256 SACK_PERM=1"
"57","5.456830","192.168.43.23","192.168.43.1","TCP","54","8081  >  43303 [ACK] Seq=1 Ack=447 Win=16896 Len=0"
"58","5.820872","104.16.92.188","192.168.43.23","TCP","54","80  >  52186 [FIN, ACK] Seq=1 Ack=1 Win=30 Len=0"
"59","5.820873","52.48.249.100","192.168.43.23","TCP","66","443  >  52189 [SYN, ACK] Seq=0 Ack=1 Win=26883 Len=0 MSS=1360 SACK_PERM=1 WS=256"
"60","5.821132","192.168.43.23","52.48.249.100","TCP","54","52189  >  443 [ACK] Seq=1 Ack=1 Win=17408 Len=0"
"61","5.821487","192.168.43.23","52.48.249.100","TLSv1.2","255","Client Hello"
"62","5.928907","192.168.43.23","192.168.43.1","HTTP","755","HTTP/1.0 200 OK "
"63","5.928956","192.168.43.23","104.16.92.188","TCP","54","52186  >  80 [ACK] Seq=1 Ack=2 Win=66 Len=0"
"64","5.929068","192.168.43.23","192.168.43.1","TCP","54","8081  >  43303 [FIN, ACK] Seq=702 Ack=447 Win=16896 Len=0"
"65","5.929668","192.168.43.23","104.16.92.188","TCP","54","52186  >  80 [FIN, ACK] Seq=1 Ack=2 Win=66 Len=0"
"66","5.933246","192.168.43.1","192.168.43.23","TCP","54","43303  >  8081 [ACK] Seq=447 Ack=702 Win=89088 Len=0"
"67","5.947367","192.168.43.1","192.168.43.23","TCP","54","43303  >  8081 [FIN, ACK] Seq=447 Ack=703 Win=89088 Len=0"
"68","5.948235","192.168.43.23","192.168.43.1","TCP","54","8081  >  43303 [ACK] Seq=703 Ack=448 Win=16896 Len=0"
"69","5.968690","81.161.59.90","192.168.43.23","TCP","54","[TCP Keep-Alive] 80  >  52178 [ACK] Seq=279 Ack=96 Win=1 Len=0"
"70","5.968733","192.168.43.23","81.161.59.90","TCP","54","[TCP Keep-Alive ACK] 52178  >  80 [ACK] Seq=96 Ack=280 Win=64 Len=0"
"71","6.023039","104.16.92.188","192.168.43.23","TCP","54","80  >  52186 [ACK] Seq=2 Ack=2 Win=30 Len=0"
"72","6.063021","52.48.249.100","192.168.43.23","TCP","54","443  >  52189 [ACK] Seq=1 Ack=202 Win=28160 Len=0"
"73","6.069494","52.48.249.100","192.168.43.23","TLSv1.2","1414","Server Hello"
"74","6.071195","52.48.249.100","192.168.43.23","TCP","1414","443  >  52189 [ACK] Seq=1361 Ack=202 Win=28160 Len=1360 [TCP segment of a reassembled PDU]"
"75","6.071197","52.48.249.100","192.168.43.23","TLSv1.2","513","Certificate, Server Key Exchange, Server Hello Done"
"76","6.071334","192.168.43.23","52.48.249.100","TCP","54","52189  >  443 [ACK] Seq=202 Ack=3180 Win=17408 Len=0"
"77","6.083316","192.168.43.23","52.48.249.100","TLSv1.2","180","Client Key Exchange, Change Cipher Spec, Encrypted Handshake Message"
"78","6.586597","192.168.43.23","52.48.249.100","TCP","54","52189  >  443 [FIN, ACK] Seq=328 Ack=3180 Win=17408 Len=0"
"79","6.589952","52.48.249.100","192.168.43.23","TLSv1.2","105","Change Cipher Spec, Encrypted Handshake Message"
"80","6.590272","192.168.43.23","52.48.249.100","TCP","54","52189  >  443 [RST, ACK] Seq=329 Ack=3231 Win=0 Len=0"
"81","7.049499","52.48.249.100","192.168.43.23","TLSv1.2","85","Encrypted Alert"
"82","7.049501","52.48.249.100","192.168.43.23","TCP","54","443  >  52189 [FIN, ACK] Seq=3262 Ack=329 Win=28160 Len=0"
"83","8.048543","192.168.43.23","52.114.32.8","TCP","66","52190  >  443 [SYN] Seq=0 Win=65535 Len=0 MSS=1460 WS=256 SACK_PERM=1"
"84","8.053894","192.168.43.23","52.114.32.8","TCP","66","52191  >  443 [SYN] Seq=0 Win=65535 Len=0 MSS=1460 WS=256 SACK_PERM=1"
"85","8.055367","192.168.43.1","192.168.43.23","TCP","74","43307  >  8081 [SYN] Seq=0 Win=65535 Len=0 MSS=1460 SACK_PERM=1 TSval=19814252 TSecr=0 WS=256"
"86","8.055595","192.168.43.23","192.168.43.1","TCP","66","8081  >  43307 [SYN, ACK] Seq=0 Ack=1 Win=17520 Len=0 MSS=1460 WS=256 SACK_PERM=1"
"87","8.055829","192.168.43.1","192.168.43.23","HTTP","500","GET / HTTP/1.1 "
"88","8.057406","192.168.43.23","52.30.33.250","TCP","66","52192  >  443 [SYN] Seq=0 Win=17520 Len=0 MSS=1460 WS=256 SACK_PERM=1"
"89","8.064849","192.168.43.1","192.168.43.23","TCP","54","43307  >  8081 [ACK] Seq=1 Ack=1 Win=87808 Len=0"
"90","8.098151","192.168.43.23","192.168.43.1","TCP","54","8081  >  43305 [ACK] Seq=1 Ack=447 Win=16896 Len=0"
"91","8.551564","192.168.43.23","81.161.59.85","TCP","66","52193  >  80 [SYN] Seq=0 Win=17520 Len=0 MSS=1460 WS=256 SACK_PERM=1"
"92","8.551741","192.168.43.23","81.161.59.85","TCP","54","[TCP ACKed unseen segment] 52183  >  80 [FIN, ACK] Seq=1 Ack=2 Win=66 Len=0"
"93","8.558348","52.114.32.8","192.168.43.23","TCP","66","443  >  52190 [SYN, ACK] Seq=0 Ack=1 Win=8192 Len=0 MSS=1360 WS=256 SACK_PERM=1"
"94","8.558351","52.114.32.8","192.168.43.23","TCP","66","443  >  52191 [SYN, ACK] Seq=0 Ack=1 Win=8192 Len=0 MSS=1360 WS=256 SACK_PERM=1"
"95","8.558352","52.30.33.250","192.168.43.23","TCP","58","443  >  52192 [SYN, ACK] Seq=0 Ack=1 Win=26883 Len=0 MSS=1360"
"96","8.558541","192.168.43.23","192.168.43.1","HTTP","755","HTTP/1.0 200 OK "
"97","8.558843","192.168.43.23","192.168.43.1","TCP","54","8081  >  43305 [FIN, ACK] Seq=702 Ack=447 Win=16896 Len=0"
"98","8.559258","192.168.43.23","52.114.32.8","TCP","54","52190  >  443 [ACK] Seq=1 Ack=1 Win=262144 Len=0"
"99","8.559412","192.168.43.23","52.114.32.8","TCP","54","52191  >  443 [ACK] Seq=1 Ack=1 Win=262144 Len=0"
"100","8.560251","192.168.43.23","52.114.32.8","TLSv1.2","277","Client Hello"
"101","8.560699","192.168.43.23","52.114.32.8","TLSv1.2","277","Client Hello"
"102","8.562299","192.168.43.1","192.168.43.23","TCP","54","43305  >  8081 [ACK] Seq=447 Ack=702 Win=89088 Len=0"
"103","8.586878","192.168.43.1","192.168.43.23","TCP","54","43305  >  8081 [FIN, ACK] Seq=447 Ack=703 Win=89088 Len=0"
"104","8.588150","192.168.43.23","192.168.43.1","TCP","54","8081  >  43305 [ACK] Seq=703 Ack=448 Win=16896 Len=0"
"105","9.501327","192.168.43.23","52.114.32.8","TCP","277","[TCP Retransmission] 52191  >  443 [PSH, ACK] Seq=1 Ack=1 Win=262144 Len=223"
"106","9.505765","52.114.32.8","192.168.43.23","TCP","1414","443  >  52191 [ACK] Seq=1 Ack=224 Win=262400 Len=1360 [TCP segment of a reassembled PDU]"
"107","9.505767","52.114.32.8","192.168.43.23","TCP","1414","443  >  52191 [ACK] Seq=1361 Ack=224 Win=262400 Len=1360 [TCP segment of a reassembled PDU]"
"108","9.505770","52.114.32.8","192.168.43.23","TCP","1414","443  >  52191 [ACK] Seq=2721 Ack=224 Win=262400 Len=1360 [TCP segment of a reassembled PDU]"
"109","9.506011","192.168.43.23","52.114.32.8","TCP","54","52191  >  443 [ACK] Seq=224 Ack=4081 Win=262144 Len=0"
"110","9.506478","52.114.32.8","192.168.43.23","TCP","1414","443  >  52191 [ACK] Seq=4081 Ack=224 Win=262400 Len=1360 [TCP segment of a reassembled PDU]"
"111","9.506480","52.114.32.8","192.168.43.23","TLSv1.2","98","Server Hello, Certificate, Certificate Status, Server Key Exchange, Server Hello Done"
"112","9.506481","52.114.32.8","192.168.43.23","TCP","1414","443  >  52190 [ACK] Seq=1 Ack=224 Win=262400 Len=1360 [TCP segment of a reassembled PDU]"
"113","9.506483","52.114.32.8","192.168.43.23","TCP","1414","443  >  52190 [ACK] Seq=1361 Ack=224 Win=262400 Len=1360 [TCP segment of a reassembled PDU]"
"114","9.506485","52.114.32.8","192.168.43.23","TCP","1414","443  >  52190 [ACK] Seq=2721 Ack=224 Win=262400 Len=1360 [TCP segment of a reassembled PDU]"
"115","9.506485","52.114.32.8","192.168.43.23","TCP","1414","443  >  52190 [ACK] Seq=4081 Ack=224 Win=262400 Len=1360 [TCP segment of a reassembled PDU]"
"116","9.506486","52.114.32.8","192.168.43.23","TLSv1.2","98","Server Hello, Certificate, Certificate Status, Server Key Exchange, Server Hello Done"
"117","9.506487","81.161.59.85","192.168.43.23","TCP","66","80  >  52193 [SYN, ACK] Seq=0 Ack=1 Win=1460 Len=0 MSS=1360 SACK_PERM=1 WS=4096"
"118","9.506487","81.161.59.85","192.168.43.23","TCP","54","[TCP Previous segment not captured] 80  >  52183 [ACK] Seq=2 Ack=2 Win=1 Len=0"
"119","9.506487","81.161.59.85","192.168.43.23","HTTP","333","HTTP/1.1 200 OK  (application/json)"
"120","9.507005","192.168.43.23","52.114.32.8","TCP","54","52191  >  443 [ACK] Seq=224 Ack=5485 Win=262144 Len=0"
"121","9.507132","192.168.43.23","52.114.32.8","TCP","54","52190  >  443 [ACK] Seq=224 Ack=5485 Win=262144 Len=0"
"122","9.507193","192.168.43.23","81.161.59.85","TCP","54","52193  >  80 [ACK] Seq=1 Ack=1 Win=17408 Len=0"
"123","9.507405","192.168.43.23","81.161.59.85","TCP","54","[TCP ACKed unseen segment] 52183  >  80 [RST, ACK] Seq=2 Ack=281 Win=0 Len=0"
"124","9.508552","192.168.43.23","81.161.59.85","HTTP","149","GET /poll?push_id=b5b1b3c7-dffa-496b-bae6-77c0a410bc44 HTTP/1.1 "
"125","9.511935","192.168.43.23","52.114.32.8","TLSv1.2","147","Client Key Exchange, Change Cipher Spec, Encrypted Handshake Message"
"126","9.512166","192.168.43.23","52.114.32.8","TLSv1.2","147","Client Key Exchange, Change Cipher Spec, Encrypted Handshake Message"
"127","9.602315","52.114.32.8","192.168.43.23","TCP","1414","[TCP Spurious Retransmission] 443  >  52191 [PSH, ACK] Seq=4125 Ack=224 Win=262400 Len=1360[Reassembly error, protocol TCP: New fragment overlaps old data (retransmission?)]"
"128","9.602380","192.168.43.23","52.114.32.8","TCP","66","[TCP Dup ACK 120#1] 52191  >  443 [ACK] Seq=317 Ack=5485 Win=262144 Len=0 SLE=4125 SRE=5485"
"129","9.916928","52.114.32.8","192.168.43.23","TCP","1414","[TCP Spurious Retransmission] 443  >  52190 [PSH, ACK] Seq=4125 Ack=224 Win=262400 Len=1360[Reassembly error, protocol TCP: New fragment overlaps old data (retransmission?)]"
"130","9.916930","52.114.32.8","192.168.43.23","TCP","66","[TCP Dup ACK 106#1] 443  >  52191 [ACK] Seq=5485 Ack=224 Win=262400 Len=0 SLE=1 SRE=224"
"131","9.916931","52.114.32.8","192.168.43.23","TLSv1.2","105","Change Cipher Spec, Encrypted Handshake Message"
"132","9.916932","52.114.32.8","192.168.43.23","TLSv1.2","105","Change Cipher Spec, Encrypted Handshake Message"
"133","9.916932","81.161.59.85","192.168.43.23","TCP","54","80  >  52183 [FIN, ACK] Seq=281 Ack=2 Win=1 Len=0"
"134","9.917005","192.168.43.23","52.114.32.8","TCP","66","[TCP Dup ACK 121#1] 52190  >  443 [ACK] Seq=317 Ack=5485 Win=262144 Len=0 SLE=4125 SRE=5485"
"135","9.917405","192.168.43.23","52.114.32.8","TCP","54","52191  >  443 [ACK] Seq=317 Ack=5536 Win=261888 Len=0"
"136","9.917520","192.168.43.23","52.114.32.8","TCP","54","52190  >  443 [ACK] Seq=317 Ack=5536 Win=261888 Len=0"
"137","9.918775","192.168.43.23","52.114.32.8","TLSv1.2","588","Application Data"
"138","9.918776","192.168.43.23","52.114.32.8","TLSv1.2","738","Application Data"
"139","9.918863","192.168.43.23","52.114.32.8","TCP","1414","52191  >  443 [ACK] Seq=1001 Ack=5536 Win=261888 Len=1360 [TCP segment of a reassembled PDU]"
"140","9.918875","192.168.43.23","52.114.32.8","TCP","1414","52191  >  443 [ACK] Seq=2361 Ack=5536 Win=261888 Len=1360 [TCP segment of a reassembled PDU]"
"141","9.918880","192.168.43.23","52.114.32.8","TLSv1.2","190","Application Data"
"142","9.918933","192.168.43.23","52.114.32.8","TCP","1414","52190  >  443 [ACK] Seq=851 Ack=5536 Win=261888 Len=1360 [TCP segment of a reassembled PDU]"
"143","9.918942","192.168.43.23","52.114.32.8","TLSv1.2","994","Application Data"
"144","9.945531","81.161.59.85","192.168.43.23","TCP","54","80  >  52193 [ACK] Seq=1 Ack=96 Win=4096 Len=0"
"145","10.121720","192.168.43.1","192.168.43.23","TCP","74","43309  >  8081 [SYN] Seq=0 Win=65535 Len=0 MSS=1460 SACK_PERM=1 TSval=19814454 TSecr=0 WS=256"
"146","10.121722","192.168.43.1","192.168.43.23","HTTP","500","GET / HTTP/1.1 "
"147","10.122020","192.168.43.23","192.168.43.1","TCP","66","8081  >  43309 [SYN, ACK] Seq=0 Ack=1 Win=17520 Len=0 MSS=1460 WS=256 SACK_PERM=1"
"148","10.124345","192.168.43.23","52.215.77.218","TCP","66","52194  >  443 [SYN] Seq=0 Win=17520 Len=0 MSS=1460 WS=256 SACK_PERM=1"
"149","10.125918","192.168.43.1","192.168.43.23","TCP","54","43309  >  8081 [ACK] Seq=1 Ack=1 Win=87808 Len=0"
"150","10.165589","192.168.43.23","192.168.43.1","TCP","54","8081  >  43307 [ACK] Seq=1 Ack=447 Win=16896 Len=0"
"153","10.627458","192.168.43.23","192.168.43.1","HTTP","755","HTTP/1.0 200 OK "
"154","10.627596","192.168.43.23","192.168.43.1","TCP","54","8081  >  43307 [FIN, ACK] Seq=702 Ack=447 Win=16896 Len=0"
"155","10.630647","52.114.32.8","192.168.43.23","TLSv1.2","108","Application Data"
"156","10.630703","192.168.43.23","52.114.32.8","TCP","54","52190  >  443 [ACK] Seq=3151 Ack=5590 Win=261888 Len=0"
"157","10.632271","192.168.43.1","192.168.43.23","TCP","54","43307  >  8081 [ACK] Seq=447 Ack=702 Win=89088 Len=0"
"158","10.632830","192.168.43.23","192.168.43.1","DNS","82","Standard query 0x2ce7 A nimbus.bitdefender.net"
"159","10.648155","192.168.43.1","192.168.43.23","TCP","54","43307  >  8081 [FIN, ACK] Seq=447 Ack=703 Win=89088 Len=0"
"160","10.648956","192.168.43.23","192.168.43.1","TCP","54","8081  >  43307 [ACK] Seq=703 Ack=448 Win=16896 Len=0"
"161","10.680099","52.114.32.8","192.168.43.23","TLSv1.2","108","Application Data"
"162","10.680252","192.168.43.23","52.114.32.8","TCP","54","52191  >  443 [ACK] Seq=3857 Ack=5590 Win=261888 Len=0"
"163","10.940842","81.161.59.96","192.168.43.23","TCP","54","[TCP Keep-Alive] 80  >  52065 [ACK] Seq=280 Ack=96 Win=1 Len=0"
"164","10.940921","192.168.43.23","81.161.59.96","TCP","54","[TCP Keep-Alive ACK] 52065  >  80 [ACK] Seq=96 Ack=281 Win=67 Len=0"
"165","11.035594","52.114.32.8","192.168.43.23","TLSv1.2","108","[TCP Spurious Retransmission] , Application Data"
"166","11.035640","192.168.43.23","52.114.32.8","TCP","66","[TCP Dup ACK 156#1] 52190  >  443 [ACK] Seq=3151 Ack=5590 Win=261888 Len=0 SLE=5536 SRE=5590"
"167","11.555420","81.161.59.130","192.168.43.23","TCP","54","[TCP Dup ACK 6#1] 80  >  52177 [ACK] Seq=1 Ack=1 Win=3 Len=0"
"168","11.555422","52.114.32.8","192.168.43.23","TCP","54","443  >  52191 [ACK] Seq=5590 Ack=2361 Win=262400 Len=0"
"169","11.555482","192.168.43.23","81.161.59.130","TCP","54","[TCP Dup ACK 8#1] [TCP ACKed unseen segment] 52177  >  80 [ACK] Seq=1 Ack=2 Win=64 Len=0"
"170","11.736448","192.168.43.23","52.114.32.8","TCP","1414","[TCP Retransmission] 52190  >  443 [PSH, ACK] Seq=1791 Ack=5590 Win=261888 Len=1360"
"171","12.374424","192.168.43.1","192.168.43.23","DNS","305","Standard query response 0x2ce7 A nimbus.bitdefender.net CNAME elb-tky-amz.nimbus.bitdefender.net CNAME kube-nimbus-1822964958.ap-northeast-1.elb.amazonaws.com A 13.231.12.208 A 18.182.199.179 A 52.192.165.238 A 52.192.40.25 A 18.182.169.109 A 54.92.72.131 A 52.192.178.3 A 54.65.191.81"
"172","12.374425","192.168.43.1","192.168.43.23","TCP","74","43311  >  8081 [SYN] Seq=0 Win=65535 Len=0 MSS=1460 SACK_PERM=1 TSval=19814653 TSecr=0 WS=256"
"173","12.374425","192.168.43.1","192.168.43.23","HTTP","500","GET / HTTP/1.1 "
"174","12.374586","192.168.43.23","192.168.43.1","TCP","66","8081  >  43311 [SYN, ACK] Seq=0 Ack=1 Win=17520 Len=0 MSS=1460 WS=256 SACK_PERM=1"
"175","12.374764","192.168.43.23","13.231.12.208","TCP","66","52199  >  443 [SYN] Seq=0 Win=17520 Len=0 MSS=1460 WS=256 SACK_PERM=1"
"176","12.375245","52.114.32.8","192.168.43.23","TCP","54","443  >  52191 [ACK] Seq=5590 Ack=3721 Win=262400 Len=0"
"177","12.375707","192.168.43.23","52.214.121.252","TCP","66","52200  >  443 [SYN] Seq=0 Win=17520 Len=0 MSS=1460 WS=256 SACK_PERM=1"
"178","12.376423","192.168.43.1","192.168.43.23","TCP","500","[TCP Retransmission] 43309  >  8081 [PSH, ACK] Seq=1 Ack=1 Win=87808 Len=446"
"179","12.376445","192.168.43.23","192.168.43.1","TCP","66","8081  >  43309 [ACK] Seq=1 Ack=447 Win=16896 Len=0 SLE=1 SRE=447"
"180","12.378555","192.168.43.1","192.168.43.23","TCP","54","43311  >  8081 [ACK] Seq=1 Ack=1 Win=87808 Len=0"
"181","12.478149","52.114.32.8","192.168.43.23","TCP","66","[TCP Dup ACK 155#1] 443  >  52190 [ACK] Seq=5590 Ack=851 Win=261632 Len=0 SLE=1791 SRE=3151"
"182","12.788487","13.231.12.208","192.168.43.23","TCP","58","443  >  52199 [SYN, ACK] Seq=0 Ack=1 Win=26883 Len=0 MSS=1360"
"183","12.788489","52.214.121.252","192.168.43.23","TCP","58","443  >  52200 [SYN, ACK] Seq=0 Ack=1 Win=26883 Len=0 MSS=1360"
"184","12.788966","192.168.43.23","13.231.12.208","TCP","54","52199  >  443 [ACK] Seq=1 Ack=1 Win=17520 Len=0"
"185","12.789367","192.168.43.23","52.214.121.252","TCP","54","52200  >  443 [ACK] Seq=1 Ack=1 Win=17520 Len=0"
"186","12.789571","192.168.43.23","52.214.121.252","TLSv1.2","255","Client Hello"
"187","12.883801","192.168.43.23","192.168.43.1","HTTP","755","HTTP/1.0 200 OK "
"188","12.883839","192.168.43.23","13.231.12.208","TLSv1.2","255","Client Hello"
"189","12.883938","192.168.43.23","192.168.43.1","TCP","54","8081  >  43309 [FIN, ACK] Seq=702 Ack=447 Win=16896 Len=0"
"190","12.889804","192.168.43.1","192.168.43.23","TCP","54","43309  >  8081 [ACK] Seq=447 Ack=702 Win=89088 Len=0"
"191","12.900235","192.168.43.1","192.168.43.23","TCP","54","43309  >  8081 [FIN, ACK] Seq=447 Ack=703 Win=89088 Len=0"
"192","12.900948","192.168.43.23","192.168.43.1","TCP","54","8081  >  43309 [ACK] Seq=703 Ack=448 Win=16896 Len=0"
"193","13.196042","52.214.121.252","192.168.43.23","TCP","54","443  >  52200 [ACK] Seq=1 Ack=202 Win=26800 Len=0"
"194","13.196043","52.214.121.252","192.168.43.23","TLSv1.2","1354","Server Hello"
"195","13.196044","52.214.121.252","192.168.43.23","TCP","1354","443  >  52200 [ACK] Seq=1301 Ack=202 Win=26800 Len=1300 [TCP segment of a reassembled PDU]"
"196","13.196048","52.214.121.252","192.168.43.23","TLSv1.2","633","Certificate, Server Key Exchange, Server Hello Done"
"197","13.196048","13.231.12.208","192.168.43.23","TCP","54","443  >  52199 [ACK] Seq=1 Ack=202 Win=26800 Len=0"
"198","13.196049","13.231.12.208","192.168.43.23","TLSv1.2","1354","Server Hello"
"199","13.196050","13.231.12.208","192.168.43.23","TCP","1354","443  >  52199 [ACK] Seq=1301 Ack=202 Win=26800 Len=1300 [TCP segment of a reassembled PDU]"
"200","13.196051","13.231.12.208","192.168.43.23","TLSv1.2","633","Certificate, Server Key Exchange, Server Hello Done"
"201","13.196270","192.168.43.23","52.214.121.252","TCP","54","52200  >  443 [ACK] Seq=202 Ack=3180 Win=17520 Len=0"
"202","13.196438","192.168.43.23","13.231.12.208","TCP","54","52199  >  443 [ACK] Seq=202 Ack=3180 Win=17520 Len=0"
"203","13.202658","192.168.43.23","52.214.121.252","TLSv1.2","180","Client Key Exchange, Change Cipher Spec, Encrypted Handshake Message"
"204","13.202736","192.168.43.23","13.231.12.208","TLSv1.2","180","Client Key Exchange, Change Cipher Spec, Encrypted Handshake Message"
"205","13.273297","192.168.43.23","52.114.32.8","TCP","1414","[TCP Retransmission] 52190  >  443 [ACK] Seq=851 Ack=5590 Win=261888 Len=1360"
"206","13.350393","192.168.43.23","52.114.32.8","TCP","190","[TCP Retransmission] 52191  >  443 [PSH, ACK] Seq=3721 Ack=5590 Win=261888 Len=136"
"207","13.434376","13.231.12.208","192.168.43.23","TLSv1.2","105","Change Cipher Spec, Encrypted Handshake Message"
"208","13.435236","192.168.43.23","13.231.12.208","TLSv1.2","386","Application Data"
"209","13.444439","52.214.121.252","192.168.43.23","TLSv1.2","105","Change Cipher Spec, Encrypted Handshake Message"
"210","13.445280","192.168.43.23","52.214.121.252","TLSv1.2","450","Application Data"
"211","13.946686","192.168.43.23","52.214.121.252","TLSv1.2","150","Application Data, Encrypted Alert"
"212","13.956895","52.114.32.8","192.168.43.23","TLSv1.2","481","Application Data"
"213","13.956897","52.114.32.8","192.168.43.23","TCP","66","443  >  52190 [ACK] Seq=5590 Ack=3151 Win=262400 Len=0 SLE=1791 SRE=2211"
"214","13.956897","52.114.32.8","192.168.43.23","TLSv1.2","481","Application Data"
"215","13.956899","13.231.12.208","192.168.43.23","TLSv1.2","588","Application Data"
"216","13.957130","192.168.43.23","52.114.32.8","TCP","54","52191  >  443 [ACK] Seq=3857 Ack=6017 Win=261376 Len=0"
"217","13.957298","192.168.43.23","52.114.32.8","TCP","54","52190  >  443 [ACK] Seq=3151 Ack=6017 Win=261376 Len=0"
"218","13.957632","192.168.43.23","13.231.12.208","TLSv1.2","85","Encrypted Alert"
"219","13.957753","192.168.43.23","192.168.43.1","DNS","94","Standard query 0x8e1e A elb-tky-amz.nimbus.bitdefender.net"
"220","13.957779","192.168.43.23","13.231.12.208","TCP","54","52199  >  443 [FIN, ACK] Seq=691 Ack=3765 Win=16935 Len=0"
"221","13.957982","192.168.43.23","192.168.43.1","DNS","94","Standard query 0x9826 A elb-ore-amz.nimbus.bitdefender.net"
"222","13.958111","192.168.43.23","192.168.43.1","DNS","94","Standard query 0x00a4 A elb-nvi-amz.nimbus.bitdefender.net"
"223","13.958242","192.168.43.23","192.168.43.1","DNS","94","Standard query 0xc807 A elb-fra-amz.nimbus.bitdefender.net"
"224","13.958369","192.168.43.23","192.168.43.1","DNS","94","Standard query 0x6254 A elb-irl-amz.nimbus.bitdefender.net"
"225","13.974864","192.168.43.1","192.168.43.23","DNS","286","Standard query response 0x6254 A elb-irl-amz.nimbus.bitdefender.net CNAME kube-nimbus-1399884016.eu-west-1.elb.amazonaws.com A 46.51.195.194 A 52.214.135.3 A 52.214.39.79 A 52.214.121.252 A 52.215.77.218 A 52.30.33.250 A 52.48.249.100 A 52.214.233.55"
"226","13.975190","52.214.121.252","192.168.43.23","TCP","54","443  >  52200 [ACK] Seq=3231 Ack=724 Win=27872 Len=0"
"227","14.038475","192.168.43.1","192.168.43.23","DNS","285","Standard query response 0x9826 A elb-ore-amz.nimbus.bitdefender.net CNAME kube-nimbus-471965604.us-west-2.elb.amazonaws.com A 52.38.128.36 A 52.36.220.244 A 52.39.223.2 A 52.37.250.35 A 52.35.135.28 A 52.34.168.7 A 52.37.187.216 A 52.38.56.172"
"228","14.038477","192.168.43.1","192.168.43.23","DNS","291","Standard query response 0x8e1e A elb-tky-amz.nimbus.bitdefender.net CNAME kube-nimbus-1822964958.ap-northeast-1.elb.amazonaws.com A 18.182.199.179 A 52.192.165.238 A 52.192.40.25 A 18.182.169.109 A 54.92.72.131 A 52.192.178.3 A 54.65.191.81 A 13.231.12.208"
"229","14.038623","192.168.43.1","192.168.43.23","DNS","286","Standard query response 0x00a4 A elb-nvi-amz.nimbus.bitdefender.net CNAME kube-nimbus-1671728955.us-east-1.elb.amazonaws.com A 35.168.146.102 A 52.0.13.119 A 52.2.65.37 A 52.0.55.155 A 52.0.223.7 A 50.16.159.46 A 52.20.185.178 A 52.20.193.249"
"230","14.039817","192.168.43.1","192.168.43.23","DNS","289","Standard query response 0xc807 A elb-fra-amz.nimbus.bitdefender.net CNAME kube-nimbus-1314339100.eu-central-1.elb.amazonaws.com A 18.185.212.135 A 18.184.87.231 A 18.185.62.169 A 18.185.169.14 A 18.185.21.125 A 18.185.170.93 A 18.185.182.5 A 18.185.159.200"
"231","14.040206","192.168.43.23","18.182.199.179","TCP","66","52201  >  443 [SYN] Seq=0 Win=17520 Len=0 MSS=1460 WS=256 SACK_PERM=1"
"232","14.040504","192.168.43.23","52.38.128.36","TCP","66","52202  >  443 [SYN] Seq=0 Win=17520 Len=0 MSS=1460 WS=256 SACK_PERM=1"
"233","14.040762","192.168.43.23","35.168.146.102","TCP","66","52203  >  443 [SYN] Seq=0 Win=17520 Len=0 MSS=1460 WS=256 SACK_PERM=1"
"234","14.041008","192.168.43.23","18.185.212.135","TCP","66","52204  >  443 [SYN] Seq=0 Win=17520 Len=0 MSS=1460 WS=256 SACK_PERM=1"
"235","14.041264","192.168.43.23","46.51.195.194","TCP","66","52205  >  443 [SYN] Seq=0 Win=17520 Len=0 MSS=1460 WS=256 SACK_PERM=1"
"236","14.137344","192.168.43.23","239.255.255.250","SSDP","216","M-SEARCH * HTTP/1.1 "
"237","14.193035","13.231.12.208","192.168.43.23","TLSv1.2","85","Encrypted Alert"
"238","14.193036","13.231.12.208","192.168.43.23","TCP","54","443  >  52199 [FIN, ACK] Seq=3796 Ack=692 Win=27872 Len=0"
"239","14.193339","192.168.43.23","13.231.12.208","TCP","54","52199  >  443 [RST, ACK] Seq=692 Ack=3796 Win=0 Len=0"
"240","14.203024","52.214.121.252","192.168.43.23","TLSv1.2","343","Application Data"
"241","14.203026","52.214.121.252","192.168.43.23","TLSv1.2","85","Encrypted Alert"
"242","14.203216","192.168.43.23","52.214.121.252","TCP","54","52200  >  443 [ACK] Seq=821 Ack=3551 Win=17149 Len=0"
"243","14.203331","192.168.43.23","52.214.121.252","TCP","54","52200  >  443 [RST, ACK] Seq=821 Ack=3551 Win=0 Len=0"
"244","14.250442","18.182.199.179","192.168.43.23","TCP","58","443  >  52201 [SYN, ACK] Seq=0 Ack=1 Win=26883 Len=0 MSS=1360"
"245","14.250790","192.168.43.23","18.182.199.179","TCP","54","52201  >  443 [ACK] Seq=1 Ack=1 Win=17520 Len=0"
"246","14.251316","192.168.43.23","18.182.199.179","TLSv1.2","287","Client Hello"
"247","14.271953","18.185.212.135","192.168.43.23","TCP","66","443  >  52204 [SYN, ACK] Seq=0 Ack=1 Win=26883 Len=0 MSS=1360 SACK_PERM=1 WS=256"
"248","14.271955","46.51.195.194","192.168.43.23","TCP","66","443  >  52205 [SYN, ACK] Seq=0 Ack=1 Win=26883 Len=0 MSS=1360 SACK_PERM=1 WS=256"
"249","14.272422","192.168.43.23","18.185.212.135","TCP","54","52204  >  443 [ACK] Seq=1 Ack=1 Win=17408 Len=0"
"250","14.272657","192.168.43.23","46.51.195.194","TCP","54","52205  >  443 [ACK] Seq=1 Ack=1 Win=17408 Len=0"
"251","14.272856","192.168.43.23","18.185.212.135","TLSv1.2","255","Client Hello"
"252","14.273033","192.168.43.23","46.51.195.194","TLSv1.2","287","Client Hello"
"253","14.346103","35.168.146.102","192.168.43.23","TCP","58","443  >  52203 [SYN, ACK] Seq=0 Ack=1 Win=26883 Len=0 MSS=1360"
"254","14.346482","192.168.43.23","35.168.146.102","TCP","54","52203  >  443 [ACK] Seq=1 Ack=1 Win=17520 Len=0"
"255","14.346983","192.168.43.23","35.168.146.102","TLSv1.2","287","Client Hello"
"256","14.390646","52.38.128.36","192.168.43.23","TCP","58","443  >  52202 [SYN, ACK] Seq=0 Ack=1 Win=26883 Len=0 MSS=1360"
"257","14.391036","192.168.43.23","52.38.128.36","TCP","54","52202  >  443 [ACK] Seq=1 Ack=1 Win=17520 Len=0"
"258","14.391573","192.168.43.23","52.38.128.36","TLSv1.2","255","Client Hello"
"259","14.466355","18.182.199.179","192.168.43.23","TCP","54","443  >  52201 [ACK] Seq=1 Ack=234 Win=26800 Len=0"
"260","14.467519","18.182.199.179","192.168.43.23","TLSv1.2","1354","Server Hello"
"261","14.467521","18.182.199.179","192.168.43.23","TCP","1354","443  >  52201 [ACK] Seq=1301 Ack=234 Win=26800 Len=1300 [TCP segment of a reassembled PDU]"
"262","14.467528","18.182.199.179","192.168.43.23","TLSv1.2","633","Certificate, Server Key Exchange, Server Hello Done"
"263","14.467727","192.168.43.23","18.182.199.179","TCP","54","52201  >  443 [ACK] Seq=234 Ack=3180 Win=17520 Len=0"
"264","14.475307","192.168.43.23","18.182.199.179","TLSv1.2","180","Client Key Exchange, Change Cipher Spec, Encrypted Handshake Message"
"265","14.577393","192.168.43.23","74.125.68.188","TCP","55","51443  >  5228 [ACK] Seq=1 Ack=1 Win=66 Len=1"
"266","14.667526","18.185.212.135","192.168.43.23","TCP","54","443  >  52204 [ACK] Seq=1 Ack=202 Win=28160 Len=0"
"267","14.667526","46.51.195.194","192.168.43.23","TCP","54","443  >  52205 [ACK] Seq=1 Ack=234 Win=28160 Len=0"
"268","14.668793","18.185.212.135","192.168.43.23","TLSv1.2","1414","Server Hello"
"269","14.668795","18.185.212.135","192.168.43.23","TCP","1414","443  >  52204 [ACK] Seq=1361 Ack=202 Win=28160 Len=1360 [TCP segment of a reassembled PDU]"
"270","14.668889","192.168.43.23","18.185.212.135","TCP","54","52204  >  443 [ACK] Seq=202 Ack=2721 Win=17408 Len=0"
"271","14.671068","18.185.212.135","192.168.43.23","TLSv1.2","513","Certificate, Server Key Exchange, Server Hello Done"
"272","14.678887","192.168.43.23","18.185.212.135","TLSv1.2","180","Client Key Exchange, Change Cipher Spec, Encrypted Handshake Message"
"273","14.706882","46.51.195.194","192.168.43.23","TLSv1.2","1414","Server Hello"
"274","14.706885","46.51.195.194","192.168.43.23","TCP","1414","443  >  52205 [ACK] Seq=1361 Ack=234 Win=28160 Len=1360 [TCP segment of a reassembled PDU]"
"275","14.706891","46.51.195.194","192.168.43.23","TLSv1.2","513","Certificate, Server Key Exchange, Server Hello Done"
"276","14.707123","192.168.43.23","46.51.195.194","TCP","54","52205  >  443 [ACK] Seq=234 Ack=3180 Win=17408 Len=0"
"277","14.719206","192.168.43.23","46.51.195.194","TLSv1.2","180","Client Key Exchange, Change Cipher Spec, Encrypted Handshake Message"
"278","14.988798","192.168.43.23","18.182.199.179","TCP","180","[TCP Retransmission] 52201  >  443 [PSH, ACK] Seq=234 Ack=3180 Win=17520 Len=126"
"279","14.993076","81.161.59.85","192.168.43.23","TCP","54","[TCP Keep-Alive] 80  >  52193 [ACK] Seq=0 Ack=96 Win=4096 Len=0"
"280","14.993141","192.168.43.23","81.161.59.85","TCP","54","[TCP Keep-Alive ACK] 52193  >  80 [ACK] Seq=96 Ack=1 Win=17408 Len=0"
"281","14.998485","192.168.43.23","35.168.146.102","TCP","287","[TCP Retransmission] 52203  >  443 [PSH, ACK] Seq=1 Ack=1 Win=17520 Len=233"
"282","15.073063","35.168.146.102","192.168.43.23","TCP","54","443  >  52203 [ACK] Seq=1 Ack=234 Win=26800 Len=0"
"283","15.073064","74.125.68.188","192.168.43.23","TCP","66","5228  >  51443 [ACK] Seq=1 Ack=2 Win=246 Len=0 SLE=1 SRE=2"
"284","15.073066","35.168.146.102","192.168.43.23","TLSv1.2","1354","Server Hello"
"285","15.074090","35.168.146.102","192.168.43.23","TCP","1354","443  >  52203 [ACK] Seq=1301 Ack=234 Win=26800 Len=1300 [TCP segment of a reassembled PDU]"
"286","15.074218","192.168.43.23","35.168.146.102","TCP","54","52203  >  443 [ACK] Seq=234 Ack=2601 Win=17520 Len=0"
"287","15.075885","35.168.146.102","192.168.43.23","TLSv1.2","633","Certificate, Server Key Exchange, Server Hello Done"
"288","15.088431","192.168.43.23","35.168.146.102","TLSv1.2","180","Client Key Exchange, Change Cipher Spec, Encrypted Handshake Message"
"289","15.105493","192.168.43.23","52.38.128.36","TCP","255","[TCP Retransmission] 52202  >  443 [PSH, ACK] Seq=1 Ack=1 Win=17520 Len=201"
"290","15.130184","18.182.199.179","192.168.43.23","TLSv1.2","105","Change Cipher Spec, Encrypted Handshake Message"
"291","15.130943","192.168.43.23","18.182.199.179","TLSv1.2","400","Application Data"
"292","15.141664","192.168.43.23","239.255.255.250","SSDP","216","M-SEARCH * HTTP/1.1 "
"293","15.164096","18.185.212.135","192.168.43.23","TLSv1.2","105","Change Cipher Spec, Encrypted Handshake Message"
"294","15.164097","46.51.195.194","192.168.43.23","TLSv1.2","105","Change Cipher Spec, Encrypted Handshake Message"
"295","15.165171","192.168.43.23","46.51.195.194","TLSv1.2","400","Application Data"
"296","15.165174","192.168.43.23","18.185.212.135","TLSv1.2","400","Application Data"
"297","15.214573","52.38.128.36","192.168.43.23","TCP","54","443  >  52202 [ACK] Seq=1 Ack=202 Win=26800 Len=0"
"298","15.214574","52.38.128.36","192.168.43.23","TLSv1.2","1354","Server Hello"
"299","15.214577","52.38.128.36","192.168.43.23","TCP","1354","443  >  52202 [ACK] Seq=1301 Ack=202 Win=26800 Len=1300 [TCP segment of a reassembled PDU]"
"300","15.214677","192.168.43.23","52.38.128.36","TCP","54","52202  >  443 [ACK] Seq=202 Ack=2601 Win=17520 Len=0"
"301","15.216937","52.38.128.36","192.168.43.23","TLSv1.2","633","Certificate, Server Key Exchange, Server Hello Done"
"302","15.222702","192.168.43.23","52.38.128.36","TLSv1.2","180","Client Key Exchange, Change Cipher Spec, Encrypted Handshake Message"
"303","15.297307","18.182.199.179","192.168.43.23","TCP","54","[TCP Dup ACK 290#1] 443  >  52201 [ACK] Seq=3231 Ack=360 Win=26800 Len=0"
"304","15.642970","192.168.43.23","18.182.199.179","TCP","400","[TCP Retransmission] 52201  >  443 [PSH, ACK] Seq=360 Ack=3231 Win=17469 Len=346"
"305","15.736004","192.168.43.23","35.168.146.102","TCP","180","[TCP Retransmission] 52203  >  443 [PSH, ACK] Seq=234 Ack=3180 Win=16941 Len=126"
"306","15.767880","192.168.43.23","46.51.195.194","TCP","400","[TCP Retransmission] 52205  >  443 [PSH, ACK] Seq=360 Ack=3231 Win=17408 Len=346"
"307","15.775824","192.168.43.23","18.185.212.135","TCP","400","[TCP Retransmission] 52204  >  443 [PSH, ACK] Seq=328 Ack=3231 Win=16896 Len=346"
"308","15.801360","35.168.146.102","192.168.43.23","TCP","54","[TCP Dup ACK 282#1] 443  >  52203 [ACK] Seq=3180 Ack=234 Win=26800 Len=0"
"309","15.801362","35.168.146.102","192.168.43.23","TCP","54","443  >  52203 [ACK] Seq=3180 Ack=360 Win=26800 Len=0"
"310","15.801362","18.185.212.135","192.168.43.23","TLSv1.2","105","[TCP Spurious Retransmission] , Change Cipher Spec, Encrypted Handshake Message"
"311","15.801363","35.168.146.102","192.168.43.23","TLSv1.2","105","Change Cipher Spec, Encrypted Handshake Message"
"312","15.801462","192.168.43.23","18.185.212.135","TCP","66","[TCP Dup ACK 296#1] 52204  >  443 [ACK] Seq=674 Ack=3231 Win=16896 Len=0 SLE=3180 SRE=3231"
"313","15.802387","192.168.43.23","35.168.146.102","TLSv1.2","400","Application Data"
"314","15.850084","46.51.195.194","192.168.43.23","TLSv1.2","105","[TCP Spurious Retransmission] , Change Cipher Spec, Encrypted Handshake Message"
"315","15.850179","192.168.43.23","46.51.195.194","TCP","66","[TCP Dup ACK 295#1] 52205  >  443 [ACK] Seq=706 Ack=3231 Win=17408 Len=0 SLE=3180 SRE=3231"
"316","15.937127","192.168.43.23","52.38.128.36","TCP","180","[TCP Retransmission] 52202  >  443 [PSH, ACK] Seq=202 Ack=3180 Win=16941 Len=126"
"317","15.944336","192.168.43.1","192.168.43.23","TCP","74","43315  >  8081 [SYN] Seq=0 Win=65535 Len=0 MSS=1460 SACK_PERM=1 TSval=19815041 TSecr=0 WS=256"
"318","15.944338","192.168.43.1","192.168.43.23","HTTP","500","GET / HTTP/1.1 "
"319","15.944600","192.168.43.23","192.168.43.1","TCP","66","8081  >  43315 [SYN, ACK] Seq=0 Ack=1 Win=17520 Len=0 MSS=1460 WS=256 SACK_PERM=1"
"320","15.946477","192.168.43.23","52.214.39.79","TCP","66","52206  >  443 [SYN] Seq=0 Win=17520 Len=0 MSS=1460 WS=256 SACK_PERM=1"
"321","15.948564","192.168.43.1","192.168.43.23","TCP","54","43315  >  8081 [ACK] Seq=1 Ack=1 Win=87808 Len=0"
"322","15.987382","192.168.43.23","192.168.43.1","TCP","54","8081  >  43311 [ACK] Seq=1 Ack=447 Win=16896 Len=0"
"323","16.051079","18.182.199.179","192.168.43.23","TCP","54","443  >  52201 [ACK] Seq=3231 Ack=706 Win=27872 Len=0"
"324","16.051080","18.182.199.179","192.168.43.23","TLSv1.2","252","Application Data"
"325","16.051747","192.168.43.23","18.182.199.179","TLSv1.2","85","Encrypted Alert"
"326","16.051935","192.168.43.23","18.182.199.179","TCP","54","52201  >  443 [FIN, ACK] Seq=737 Ack=3429 Win=17271 Len=0"
"327","16.052138","192.168.43.23","18.182.199.179","TCP","66","52207  >  443 [SYN] Seq=0 Win=17520 Len=0 MSS=1460 WS=256 SACK_PERM=1"
"328","16.111082","52.38.128.36","192.168.43.23","TCP","54","[TCP Dup ACK 297#1] 443  >  52202 [ACK] Seq=3180 Ack=202 Win=26800 Len=0"
"329","16.143649","192.168.43.23","239.255.255.250","SSDP","216","M-SEARCH * HTTP/1.1 "
"330","16.219183","18.185.212.135","192.168.43.23","TLSv1.2","252","Application Data"
"331","16.219903","192.168.43.23","18.185.212.135","TLSv1.2","85","Encrypted Alert"
"332","16.220151","192.168.43.23","18.185.212.135","TCP","54","52204  >  443 [FIN, ACK] Seq=705 Ack=3429 Win=16640 Len=0"
"333","16.220407","192.168.43.23","18.185.212.135","TCP","66","52208  >  443 [SYN] Seq=0 Win=17520 Len=0 MSS=1460 WS=256 SACK_PERM=1"
"334","16.447955","192.168.43.23","192.168.43.1","HTTP","755","HTTP/1.0 200 OK "
"335","16.448068","192.168.43.23","192.168.43.1","TCP","54","8081  >  43311 [FIN, ACK] Seq=702 Ack=447 Win=16896 Len=0"
"336","16.451330","192.168.43.23","35.168.146.102","TCP","400","[TCP Retransmission] 52203  >  443 [PSH, ACK] Seq=360 Ack=3231 Win=16890 Len=346"
"337","16.451344","81.161.59.96","192.168.43.23","TCP","54","[TCP Keep-Alive] 80  >  52176 [ACK] Seq=280 Ack=96 Win=1 Len=0"
"338","16.451345","46.51.195.194","192.168.43.23","TLSv1.2","252","Application Data"
"339","16.451380","192.168.43.23","81.161.59.96","TCP","54","[TCP Keep-Alive ACK] 52176  >  80 [ACK] Seq=96 Ack=281 Win=64 Len=0"
"340","16.451747","192.168.43.23","46.51.195.194","TLSv1.2","85","Encrypted Alert"
"341","16.451829","192.168.43.23","46.51.195.194","TCP","54","52205  >  443 [FIN, ACK] Seq=737 Ack=3429 Win=17152 Len=0"
"342","16.451931","192.168.43.23","46.51.195.194","TCP","66","52209  >  443 [SYN] Seq=0 Win=17520 Len=0 MSS=1460 WS=256 SACK_PERM=1"
"343","16.453036","192.168.43.1","192.168.43.23","TCP","54","43311  >  8081 [ACK] Seq=447 Ack=702 Win=89088 Len=0"
"344","16.469914","192.168.43.1","192.168.43.23","TCP","54","43311  >  8081 [FIN, ACK] Seq=447 Ack=703 Win=89088 Len=0"
"345","16.470737","192.168.43.23","192.168.43.1","TCP","54","8081  >  43311 [ACK] Seq=703 Ack=448 Win=16896 Len=0"
"346","16.475626","52.38.128.36","192.168.43.23","TCP","54","443  >  52202 [ACK] Seq=3180 Ack=328 Win=26800 Len=0"
"347","16.475627","52.38.128.36","192.168.43.23","TLSv1.2","105","Change Cipher Spec, Encrypted Handshake Message"
"348","16.476183","192.168.43.23","52.38.128.36","TLSv1.2","400","Application Data"
"349","16.505214","18.182.199.179","192.168.43.23","TCP","54","[TCP Dup ACK 323#1] 443  >  52201 [ACK] Seq=3429 Ack=706 Win=27872 Len=0"
"350","16.566242","192.168.43.23","18.182.199.179","TCP","85","[TCP Retransmission] 52201  >  443 [FIN, PSH, ACK] Seq=706 Ack=3429 Win=17271 Len=31"
"351","16.592336","35.168.146.102","192.168.43.23","TCP","54","[TCP Dup ACK 309#1] 443  >  52203 [ACK] Seq=3231 Ack=360 Win=26800 Len=0"
"352","16.835812","192.168.43.23","18.185.212.135","TCP","85","[TCP Retransmission] 52204  >  443 [FIN, PSH, ACK] Seq=674 Ack=3429 Win=16640 Len=31"
"353","16.841712","46.51.195.194","192.168.43.23","TCP","66","[TCP Dup ACK 338#1] 443  >  52205 [ACK] Seq=3429 Ack=706 Win=29184 Len=0 SLE=360 SRE=706"
"354","17.057282","192.168.43.23","46.51.195.194","TCP","85","[TCP Retransmission] 52205  >  443 [FIN, PSH, ACK] Seq=706 Ack=3429 Win=17152 Len=31"
"355","17.082772","18.185.212.135","192.168.43.23","TLSv1.2","252","[TCP Spurious Retransmission] , Application Data"
"356","17.082774","18.185.212.135","192.168.43.23","TCP","66","[TCP Dup ACK 330#1] 443  >  52204 [ACK] Seq=3429 Ack=674 Win=29184 Len=0 SLE=328 SRE=674"
"357","17.082774","35.168.146.102","192.168.43.23","TLSv1.2","105","[TCP Spurious Retransmission] , Change Cipher Spec, Encrypted Handshake Message"
"358","17.082866","192.168.43.23","18.185.212.135","TCP","66","[TCP Dup ACK 331#1] 52204  >  443 [ACK] Seq=706 Ack=3429 Win=16640 Len=0 SLE=3231 SRE=3429"
"359","17.083096","192.168.43.23","35.168.146.102","TCP","54","[TCP Dup ACK 313#1] 52203  >  443 [ACK] Seq=706 Ack=3231 Win=16890 Len=0"
"360","17.126139","192.168.43.23","18.182.199.179","TCP","85","[TCP Retransmission] 52201  >  443 [FIN, PSH, ACK] Seq=706 Ack=3429 Win=17271 Len=31"
"361","17.148344","192.168.43.23","239.255.255.250","SSDP","216","M-SEARCH * HTTP/1.1 "
"362","17.191424","192.168.43.23","52.38.128.36","TCP","400","[TCP Retransmission] 52202  >  443 [PSH, ACK] Seq=328 Ack=3231 Win=16890 Len=346"
"363","17.389559","192.168.43.23","35.168.146.102","TCP","400","[TCP Retransmission] 52203  >  443 [PSH, ACK] Seq=360 Ack=3231 Win=16890 Len=346"
"364","17.394116","46.51.195.194","192.168.43.23","TLSv1.2","252","[TCP Spurious Retransmission] , Application Data"
"365","17.394118","52.214.39.79","192.168.43.23","TCP","58","443  >  52206 [SYN, ACK] Seq=0 Ack=1 Win=26883 Len=0 MSS=1360"
"366","17.394119","35.168.146.102","192.168.43.23","TCP","54","443  >  52203 [ACK] Seq=3231 Ack=706 Win=27872 Len=0"
"367","17.394120","35.168.146.102","192.168.43.23","TLSv1.2","252","Application Data"
"368","17.394207","192.168.43.23","46.51.195.194","TCP","66","[TCP Dup ACK 340#1] 52205  >  443 [ACK] Seq=738 Ack=3429 Win=17152 Len=0 SLE=3231 SRE=3429"
"369","17.395096","192.168.43.23","35.168.146.102","TLSv1.2","85","Encrypted Alert"
"370","17.395235","192.168.43.23","35.168.146.102","TCP","54","52203  >  443 [FIN, ACK] Seq=737 Ack=3429 Win=16692 Len=0"
"371","17.395460","192.168.43.23","35.168.146.102","TCP","66","52210  >  443 [SYN] Seq=0 Win=17520 Len=0 MSS=1460 WS=256 SACK_PERM=1"
"372","17.435202","52.38.128.36","192.168.43.23","TCP","54","[TCP Dup ACK 346#1] 443  >  52202 [ACK] Seq=3231 Ack=328 Win=26800 Len=0"
"373","17.482540","18.182.199.179","192.168.43.23","TCP","58","443  >  52207 [SYN, ACK] Seq=0 Ack=1 Win=26883 Len=0 MSS=1360"
"374","17.482542","18.182.199.179","192.168.43.23","TCP","54","443  >  52201 [ACK] Seq=3429 Ack=737 Win=27872 Len=0"
"375","17.482542","18.182.199.179","192.168.43.23","TLSv1.2","85","Encrypted Alert"
"376","17.482543","18.182.199.179","192.168.43.23","TCP","54","443  >  52201 [FIN, ACK] Seq=3460 Ack=738 Win=27872 Len=0"
"377","17.483122","192.168.43.23","18.182.199.179","TCP","54","52207  >  443 [ACK] Seq=1 Ack=1 Win=17520 Len=0"
"378","17.483214","192.168.43.23","18.182.199.179","TCP","54","52201  >  443 [RST, ACK] Seq=738 Ack=3460 Win=0 Len=0"
"379","17.483503","192.168.43.23","18.182.199.179","TLSv1.2","287","Client Hello"
"380","17.486765","18.185.212.135","192.168.43.23","TCP","66","443  >  52208 [SYN, ACK] Seq=0 Ack=1 Win=26883 Len=0 MSS=1360 SACK_PERM=1 WS=256"
"381","17.487146","192.168.43.23","18.185.212.135","TCP","54","52208  >  443 [ACK] Seq=1 Ack=1 Win=17408 Len=0"
"382","17.487764","192.168.43.23","18.185.212.135","TLSv1.2","287","Client Hello"
"383","17.488184","18.185.212.135","192.168.43.23","TCP","54","443  >  52204 [ACK] Seq=3429 Ack=705 Win=29184 Len=0"
"384","17.488186","18.185.212.135","192.168.43.23","TLSv1.2","85","Encrypted Alert"
"385","17.488483","192.168.43.23","18.185.212.135","TCP","54","52204  >  443 [RST, ACK] Seq=706 Ack=3460 Win=0 Len=0"
"386","17.491264","18.185.212.135","192.168.43.23","TCP","54","443  >  52204 [FIN, ACK] Seq=3460 Ack=706 Win=29184 Len=0"
"387","17.936991","192.168.43.23","46.51.195.194","TCP","85","[TCP Retransmission] 52205  >  443 [FIN, PSH, ACK] Seq=706 Ack=3429 Win=17152 Len=31"
"388","18.038972","35.168.146.102","192.168.43.23","TCP","54","[TCP Dup ACK 366#1] 443  >  52203 [ACK] Seq=3429 Ack=706 Win=27872 Len=0"
"389","18.038973","46.51.195.194","192.168.43.23","TCP","54","443  >  52205 [ACK] Seq=3429 Ack=737 Win=29184 Len=0"
"390","18.038974","46.51.195.194","192.168.43.23","TLSv1.2","85","Encrypted Alert"
"391","18.038974","46.51.195.194","192.168.43.23","TCP","54","443  >  52205 [FIN, ACK] Seq=3460 Ack=738 Win=29184 Len=0"
"392","18.038975","46.51.195.194","192.168.43.23","TCP","66","443  >  52209 [SYN, ACK] Seq=0 Ack=1 Win=26883 Len=0 MSS=1360 SACK_PERM=1 WS=256"
"393","18.039433","192.168.43.23","46.51.195.194","TCP","54","52205  >  443 [RST, ACK] Seq=738 Ack=3460 Win=0 Len=0"
"394","18.039635","192.168.43.23","46.51.195.194","TCP","54","52209  >  443 [ACK] Seq=1 Ack=1 Win=17408 Len=0"
"395","18.040125","192.168.43.23","46.51.195.194","TLSv1.2","287","Client Hello"
"396","18.040179","18.185.212.135","192.168.43.23","TCP","54","[TCP Retransmission] 443  >  52204 [FIN, ACK] Seq=3460 Ack=706 Win=29184 Len=0"
"397","18.046199","192.168.43.23","35.168.146.102","TCP","85","[TCP Retransmission] 52203  >  443 [FIN, PSH, ACK] Seq=706 Ack=3429 Win=16692 Len=31"
"398","18.261701","192.168.43.23","52.38.128.36","TCP","400","[TCP Retransmission] 52202  >  443 [PSH, ACK] Seq=328 Ack=3231 Win=16890 Len=346"
"399","18.265253","192.168.43.1","192.168.43.23","TCP","74","43317  >  8081 [SYN] Seq=0 Win=65535 Len=0 MSS=1460 SACK_PERM=1 TSval=19815263 TSecr=0 WS=256"
"400","18.265542","192.168.43.23","192.168.43.1","TCP","66","8081  >  43317 [SYN, ACK] Seq=0 Ack=1 Win=17520 Len=0 MSS=1460 WS=256 SACK_PERM=1"
"401","18.265827","192.168.43.1","192.168.43.23","HTTP","500","GET / HTTP/1.1 "
"402","18.267862","192.168.43.23","52.214.135.3","TCP","66","52211  >  443 [SYN] Seq=0 Win=17520 Len=0 MSS=1460 WS=256 SACK_PERM=1"
"403","18.269297","192.168.43.1","192.168.43.23","TCP","54","43317  >  8081 [ACK] Seq=1 Ack=1 Win=87808 Len=0"
"404","18.307974","192.168.43.23","192.168.43.1","TCP","54","8081  >  43315 [ACK] Seq=1 Ack=447 Win=16896 Len=0"
"405","18.360729","18.185.212.135","192.168.43.23","TCP","66","[TCP Dup ACK 384#1] 443  >  52204 [ACK] Seq=3461 Ack=706 Win=29184 Len=0 SLE=674 SRE=706"
"406","18.360731","18.182.199.179","192.168.43.23","TCP","54","[TCP Dup ACK 375#1] 443  >  52201 [ACK] Seq=3461 Ack=738 Win=27872 Len=0"
"407","18.375830","46.51.195.194","192.168.43.23","TCP","66","[TCP Dup ACK 390#1] 443  >  52205 [ACK] Seq=3461 Ack=738 Win=29184 Len=0 SLE=706 SRE=738"
"408","18.397628","52.38.128.36","192.168.43.23","TCP","54","443  >  52202 [ACK] Seq=3231 Ack=674 Win=27872 Len=0"
"409","18.397630","52.38.128.36","192.168.43.23","TLSv1.2","252","Application Data"
"410","18.398324","192.168.43.23","52.38.128.36","TLSv1.2","85","Encrypted Alert"
"411","18.398506","192.168.43.23","52.38.128.36","TCP","54","52202  >  443 [FIN, ACK] Seq=705 Ack=3429 Win=16692 Len=0"
"412","18.398706","192.168.43.23","52.38.128.36","TCP","66","52212  >  443 [SYN] Seq=0 Win=17520 Len=0 MSS=1460 WS=256 SACK_PERM=1"
"413","18.769632","192.168.43.23","192.168.43.1","HTTP","755","HTTP/1.0 200 OK "
"414","18.769756","192.168.43.23","192.168.43.1","TCP","54","8081  >  43315 [FIN, ACK] Seq=702 Ack=447 Win=16896 Len=0"
"415","18.773350","52.38.128.36","192.168.43.23","TCP","54","[TCP Dup ACK 408#1] 443  >  52202 [ACK] Seq=3429 Ack=674 Win=27872 Len=0"
"416","18.775019","192.168.43.1","192.168.43.23","TCP","54","43315  >  8081 [ACK] Seq=447 Ack=702 Win=89088 Len=0"
"417","18.789793","192.168.43.1","192.168.43.23","TCP","54","43315  >  8081 [FIN, ACK] Seq=447 Ack=703 Win=89088 Len=0"
"418","18.790427","192.168.43.23","192.168.43.1","TCP","54","8081  >  43315 [ACK] Seq=703 Ack=448 Win=16896 Len=0"
"419","18.815578","18.182.199.179","192.168.43.23","TCP","54","443  >  52207 [ACK] Seq=1 Ack=234 Win=26800 Len=0"
"420","18.815579","46.51.195.194","192.168.43.23","TCP","54","[TCP Retransmission] 443  >  52205 [FIN, ACK] Seq=3460 Ack=738 Win=29184 Len=0"
"421","18.815580","18.182.199.179","192.168.43.23","TLSv1.2","1354","Server Hello"
"422","18.815583","18.182.199.179","192.168.43.23","TCP","1354","443  >  52207 [ACK] Seq=1301 Ack=234 Win=26800 Len=1300 [TCP segment of a reassembled PDU]"
"423","18.815720","192.168.43.23","18.182.199.179","TCP","54","52207  >  443 [ACK] Seq=234 Ack=2601 Win=17520 Len=0"
"424","18.854721","18.182.199.179","192.168.43.23","TLSv1.2","633","Certificate, Server Key Exchange, Server Hello Done"
"425","18.854722","35.168.146.102","192.168.43.23","TCP","54","[TCP Dup ACK 366#2] 443  >  52203 [ACK] Seq=3429 Ack=706 Win=27872 Len=0"
"426","18.854722","18.185.212.135","192.168.43.23","TLSv1.2","85","[TCP Spurious Retransmission] , Encrypted Alert"
"427","18.854723","35.168.146.102","192.168.43.23","TCP","58","443  >  52210 [SYN, ACK] Seq=0 Ack=1 Win=26883 Len=0 MSS=1360"
"428","18.855040","192.168.43.23","35.168.146.102","TCP","54","52210  >  443 [ACK] Seq=1 Ack=1 Win=17520 Len=0"
"429","18.855530","35.168.146.102","192.168.43.23","TCP","54","443  >  52203 [ACK] Seq=3429 Ack=737 Win=27872 Len=0"
"430","18.855531","35.168.146.102","192.168.43.23","TLSv1.2","85","Encrypted Alert"
"431","18.855532","35.168.146.102","192.168.43.23","TCP","54","443  >  52203 [FIN, ACK] Seq=3460 Ack=738 Win=27872 Len=0"
"432","18.855706","192.168.43.23","35.168.146.102","TCP","54","52203  >  443 [RST, ACK] Seq=738 Ack=3460 Win=0 Len=0"
"433","18.862777","192.168.43.23","18.182.199.179","TLSv1.2","180","Client Key Exchange, Change Cipher Spec, Encrypted Handshake Message"
"434","18.862882","192.168.43.23","35.168.146.102","TLSv1.2","287","Client Hello"
"435","18.960229","18.185.212.135","192.168.43.23","TCP","54","443  >  52208 [ACK] Seq=1 Ack=234 Win=28160 Len=0"
"436","18.960231","18.185.212.135","192.168.43.23","TLSv1.2","199","Server Hello, Change Cipher Spec, Encrypted Handshake Message"
"437","18.960915","192.168.43.23","18.185.212.135","TLSv1.2","105","Change Cipher Spec, Encrypted Handshake Message"
"438","19.002940","46.51.195.194","192.168.43.23","TCP","66","[TCP Dup ACK 390#2] 443  >  52205 [ACK] Seq=3461 Ack=738 Win=29184 Len=0 SLE=706 SRE=738"
"439","19.113986","192.168.43.23","52.38.128.36","TCP","85","[TCP Retransmission] 52202  >  443 [FIN, PSH, ACK] Seq=674 Ack=3429 Win=16692 Len=31"
"440","19.124313","46.51.195.194","192.168.43.23","TCP","54","443  >  52209 [ACK] Seq=1 Ack=234 Win=28160 Len=0"
"441","19.124314","46.51.195.194","192.168.43.23","TLSv1.2","1414","Server Hello"
"442","19.124316","46.51.195.194","192.168.43.23","TCP","1414","443  >  52209 [ACK] Seq=1361 Ack=234 Win=28160 Len=1360 [TCP segment of a reassembled PDU]"
"443","19.124322","46.51.195.194","192.168.43.23","TLSv1.2","513","Certificate, Server Key Exchange, Server Hello Done"
"444","19.124548","192.168.43.23","46.51.195.194","TCP","54","52209  >  443 [ACK] Seq=234 Ack=3180 Win=17408 Len=0"
"445","19.137086","192.168.43.23","46.51.195.194","TLSv1.2","180","Client Key Exchange, Change Cipher Spec, Encrypted Handshake Message"
"446","19.160043","35.168.146.102","192.168.43.23","TCP","54","[TCP Dup ACK 430#1] 443  >  52203 [ACK] Seq=3461 Ack=738 Win=27872 Len=0"
"447","19.750513","52.214.135.3","192.168.43.23","TCP","58","443  >  52211 [SYN, ACK] Seq=0 Ack=1 Win=26883 Len=0 MSS=1360"
"448","19.750514","52.38.128.36","192.168.43.23","TCP","54","[TCP Dup ACK 408#2] 443  >  52202 [ACK] Seq=3429 Ack=674 Win=27872 Len=0"
"449","19.750514","18.185.212.135","192.168.43.23","TLSv1.2","199","[TCP Spurious Retransmission] , Encrypted Handshake Message, Change Cipher Spec, Encrypted Handshake Message"
"450","19.750597","192.168.43.23","18.185.212.135","TCP","66","[TCP Dup ACK 437#1] 52208  >  443 [ACK] Seq=285 Ack=146 Win=17152 Len=0 SLE=1 SRE=146"
"451","19.951951","18.182.199.179","192.168.43.23","TCP","633","[TCP Spurious Retransmission] 443  >  52207 [PSH, ACK] Seq=2601 Ack=234 Win=26800 Len=579[Reassembly error, protocol TCP: New fragment overlaps old data (retransmission?)]"
"452","19.951981","192.168.43.23","18.182.199.179","TCP","54","[TCP Dup ACK 433#1] 52207  >  443 [ACK] Seq=360 Ack=3180 Win=16941 Len=0"
"453","20.026313","18.182.199.179","192.168.43.23","TLSv1.2","105","Change Cipher Spec, Encrypted Handshake Message"
"454","20.026801","192.168.43.23","18.182.199.179","TLSv1.2","400","Application Data"
"455","20.087647","46.51.195.194","192.168.43.23","TLSv1.2","105","Change Cipher Spec, Encrypted Handshake Message"
"456","20.088364","192.168.43.23","46.51.195.194","TLSv1.2","400","Application Data"
"457","20.102619","35.168.146.102","192.168.43.23","TCP","54","443  >  52210 [ACK] Seq=1 Ack=234 Win=26800 Len=0"
"458","20.102621","35.168.146.102","192.168.43.23","TLSv1.2","1354","Server Hello"
"459","20.144896","192.168.43.23","35.168.146.102","TCP","54","52210  >  443 [ACK] Seq=234 Ack=1301 Win=16220 Len=0"
"460","20.145663","35.168.146.102","192.168.43.23","TCP","1354","443  >  52210 [ACK] Seq=1301 Ack=234 Win=26800 Len=1300 [TCP segment of a reassembled PDU]"
"461","20.145665","35.168.146.102","192.168.43.23","TLSv1.2","633","Certificate, Server Key Exchange, Server Hello Done"
"462","20.145803","192.168.43.23","35.168.146.102","TCP","54","52210  >  443 [ACK] Seq=234 Ack=3180 Win=17520 Len=0"
"463","20.146687","18.185.212.135","192.168.43.23","TCP","54","443  >  52208 [ACK] Seq=146 Ack=285 Win=28160 Len=0"
"464","20.146761","192.168.43.23","18.185.212.135","TLSv1.2","400","Application Data"
"465","20.157762","192.168.43.23","35.168.146.102","TLSv1.2","180","Client Key Exchange, Change Cipher Spec, Encrypted Handshake Message"
"466","20.162288","52.38.128.36","192.168.43.23","TCP","54","443  >  52202 [ACK] Seq=3429 Ack=705 Win=27872 Len=0"
"467","20.162293","52.38.128.36","192.168.43.23","TLSv1.2","85","Encrypted Alert"
"468","20.162295","52.38.128.36","192.168.43.23","TCP","54","443  >  52202 [FIN, ACK] Seq=3460 Ack=706 Win=27872 Len=0"
"469","20.162609","192.168.43.23","52.38.128.36","TCP","54","52202  >  443 [RST, ACK] Seq=706 Ack=3460 Win=0 Len=0"
"470","20.163485","52.38.128.36","192.168.43.23","TCP","58","443  >  52212 [SYN, ACK] Seq=0 Ack=1 Win=26883 Len=0 MSS=1360"
"471","20.163843","192.168.43.23","52.38.128.36","TCP","54","52212  >  443 [ACK] Seq=1 Ack=1 Win=17520 Len=0"
"472","20.164190","192.168.43.23","52.38.128.36","TLSv1.2","287","Client Hello"
"473","20.212940","52.38.128.36","192.168.43.23","TCP","54","[TCP Dup ACK 467#1] 443  >  52202 [ACK] Seq=3461 Ack=706 Win=27872 Len=0"
"474","20.321014","192.168.43.23","10.1.0.45","UDP","107","64785  >  6060 Len=65"
"475","20.960828","192.168.43.23","18.185.212.135","TLSv1.2","85","Encrypted Alert"
"476","20.961224","192.168.43.23","18.185.212.135","TCP","66","52213  >  443 [SYN] Seq=0 Win=17520 Len=0 MSS=1460 WS=256 SACK_PERM=1"
"477","20.964279","192.168.43.1","192.168.43.23","TCP","74","43319  >  8081 [SYN] Seq=0 Win=65535 Len=0 MSS=1460 SACK_PERM=1 TSval=19815537 TSecr=0 WS=256"
"478","20.964609","192.168.43.23","192.168.43.1","TCP","66","8081  >  43319 [SYN, ACK] Seq=0 Ack=1 Win=17520 Len=0 MSS=1460 WS=256 SACK_PERM=1"
"479","20.964913","192.168.43.1","192.168.43.23","HTTP","500","GET / HTTP/1.1 "
"480","20.965356","46.51.195.194","192.168.43.23","TLSv1.2","105","[TCP Spurious Retransmission] , Change Cipher Spec, Encrypted Handshake Message"
"481","20.965430","192.168.43.23","46.51.195.194","TCP","66","[TCP Dup ACK 456#1] 52209  >  443 [ACK] Seq=706 Ack=3231 Win=17408 Len=0 SLE=3180 SRE=3231"
"482","20.966913","192.168.43.23","46.51.195.194","TCP","66","52214  >  443 [SYN] Seq=0 Win=17520 Len=0 MSS=1460 WS=256 SACK_PERM=1"
"483","20.968037","192.168.43.1","192.168.43.23","TCP","54","43319  >  8081 [ACK] Seq=1 Ack=1 Win=87808 Len=0"
"484","20.984050","81.161.59.90","192.168.43.23","TCP","54","[TCP Keep-Alive] 80  >  52178 [ACK] Seq=279 Ack=96 Win=1 Len=0"
"485","20.984107","192.168.43.23","81.161.59.90","TCP","54","[TCP Keep-Alive ACK] 52178  >  80 [ACK] Seq=96 Ack=280 Win=64 Len=0"
"486","21.007935","192.168.43.23","192.168.43.1","TCP","54","8081  >  43317 [ACK] Seq=1 Ack=447 Win=16896 Len=0"
"487","21.105712","18.182.199.179","192.168.43.23","TLSv1.2","252","Application Data"
"488","21.106054","192.168.43.23","18.182.199.179","TLSv1.2","85","Encrypted Alert"
"489","21.106129","192.168.43.23","18.182.199.179","TCP","54","52207  >  443 [FIN, ACK] Seq=737 Ack=3429 Win=16692 Len=0"
"490","21.106259","192.168.43.23","18.182.199.179","TCP","66","52215  >  443 [SYN] Seq=0 Win=17520 Len=0 MSS=1460 WS=256 SACK_PERM=1"
"491","21.386633","46.51.195.194","192.168.43.23","TLSv1.2","252","Application Data"
"492","21.386636","18.185.212.135","192.168.43.23","TCP","54","443  >  52208 [ACK] Seq=146 Ack=631 Win=29184 Len=0"
"493","21.386636","18.185.212.135","192.168.43.23","TLSv1.2","252","Application Data"
"494","21.386637","35.168.146.102","192.168.43.23","TLSv1.2","105","Change Cipher Spec, Encrypted Handshake Message"
"495","21.387024","192.168.43.23","18.185.212.135","TCP","54","52208  >  443 [RST, ACK] Seq=663 Ack=344 Win=0 Len=0"
"496","21.387321","192.168.43.23","46.51.195.194","TLSv1.2","85","Encrypted Alert"
"497","21.387477","192.168.43.23","46.51.195.194","TCP","54","52209  >  443 [FIN, ACK] Seq=737 Ack=3429 Win=17152 Len=0"
"498","21.387704","192.168.43.23","46.51.195.194","TCP","66","52216  >  443 [SYN] Seq=0 Win=17520 Len=0 MSS=1460 WS=256 SACK_PERM=1"
"499","21.388370","192.168.43.23","35.168.146.102","TLSv1.2","400","Application Data"
"500","21.468170","192.168.43.23","192.168.43.1","HTTP","755","HTTP/1.0 200 OK "
"501","21.468358","192.168.43.23","192.168.43.1","TCP","54","8081  >  43317 [FIN, ACK] Seq=702 Ack=447 Win=16896 Len=0"
"502","21.476603","192.168.43.1","192.168.43.23","TCP","54","43317  >  8081 [ACK] Seq=447 Ack=702 Win=89088 Len=0"
"503","21.486560","192.168.43.1","192.168.43.23","TCP","54","43317  >  8081 [FIN, ACK] Seq=447 Ack=703 Win=89088 Len=0"
"504","21.487847","192.168.43.23","192.168.43.1","TCP","54","8081  >  43317 [ACK] Seq=703 Ack=448 Win=16896 Len=0"
"505","21.795267","52.38.128.36","192.168.43.23","TCP","54","443  >  52212 [ACK] Seq=1 Ack=234 Win=26800 Len=0"
"506","21.795269","52.38.128.36","192.168.43.23","TLSv1.2","199","Server Hello, Change Cipher Spec, Encrypted Handshake Message"
"507","21.795966","192.168.43.23","52.38.128.36","TLSv1.2","105","Change Cipher Spec, Encrypted Handshake Message"
"508","21.857488","18.185.212.135","192.168.43.23","TLSv1.2","85","Encrypted Alert"
"509","21.857490","18.185.212.135","192.168.43.23","TCP","54","443  >  52208 [FIN, ACK] Seq=375 Ack=663 Win=29184 Len=0"
"510","22.000223","18.182.199.179","192.168.43.23","TCP","58","443  >  52215 [SYN, ACK] Seq=0 Ack=1 Win=26883 Len=0 MSS=1360"
"511","22.000225","18.182.199.179","192.168.43.23","TLSv1.2","85","Encrypted Alert"
"512","22.000226","18.182.199.179","192.168.43.23","TCP","54","443  >  52207 [FIN, ACK] Seq=3460 Ack=738 Win=27872 Len=0"
"513","22.000227","18.185.212.135","192.168.43.23","TCP","58","443  >  52213 [SYN, ACK] Seq=0 Ack=1 Win=26883 Len=0 MSS=1360"
"514","22.000227","46.51.195.194","192.168.43.23","TCP","66","443  >  52216 [SYN, ACK] Seq=0 Ack=1 Win=26883 Len=0 MSS=1360 SACK_PERM=1 WS=256"
"515","22.000228","46.51.195.194","192.168.43.23","TLSv1.2","85","Encrypted Alert"
"516","22.000229","46.51.195.194","192.168.43.23","TCP","54","443  >  52209 [FIN, ACK] Seq=3460 Ack=738 Win=29184 Len=0"
"517","22.000229","46.51.195.194","192.168.43.23","TCP","58","443  >  52214 [SYN, ACK] Seq=0 Ack=1 Win=26883 Len=0 MSS=1360"
"518","22.000863","192.168.43.23","18.182.199.179","TCP","54","52207  >  443 [RST, ACK] Seq=738 Ack=3460 Win=0 Len=0"
"519","22.000994","192.168.43.23","18.182.199.179","TLSv1.2","287","Client Hello"
"520","22.001309","192.168.43.23","18.185.212.135","TLSv1.2","287","Client Hello"
"521","22.001386","192.168.43.23","46.51.195.194","TCP","54","52209  >  443 [RST, ACK] Seq=738 Ack=3460 Win=0 Len=0"
"522","22.001404","192.168.43.23","46.51.195.194","TCP","54","52216  >  443 [ACK] Seq=1 Ack=1 Win=17408 Len=0"
"523","22.001558","192.168.43.23","46.51.195.194","TLSv1.2","287","Client Hello"
"524","22.561483","192.168.43.23","159.69.129.2","TCP","55","51491  >  443 [ACK] Seq=1 Ack=1 Win=66 Len=1 [TCP segment of a reassembled PDU]"
"525","22.566008","35.168.146.102","192.168.43.23","TLSv1.2","252","Application Data"
"526","22.566009","52.38.128.36","192.168.43.23","TCP","54","443  >  52212 [ACK] Seq=146 Ack=285 Win=26800 Len=0"
"527","22.566119","192.168.43.23","52.38.128.36","TLSv1.2","400","Application Data"
"528","22.566453","192.168.43.23","35.168.146.102","TLSv1.2","85","Encrypted Alert"
"529","22.566551","192.168.43.23","35.168.146.102","TCP","54","52210  >  443 [FIN, ACK] Seq=737 Ack=3429 Win=17271 Len=0"
"530","22.566639","192.168.43.23","35.168.146.102","TCP","66","52217  >  443 [SYN] Seq=0 Win=17520 Len=0 MSS=1460 WS=256 SACK_PERM=1"
"531","23.024512","46.51.195.194","192.168.43.23","TCP","54","[TCP Out-Of-Order] 443  >  52209 [FIN, ACK] Seq=3460 Ack=738 Win=29184 Len=0"
"532","23.101891","192.168.43.23","46.51.195.194","TCP","287","[TCP Retransmission] 52216  >  443 [PSH, ACK] Seq=1 Ack=1 Win=17408 Len=233"
"533","23.511859","192.168.43.23","18.182.199.179","TCP","287","[TCP Retransmission] 52215  >  443 [PSH, ACK] Seq=1 Ack=1 Win=17520 Len=233"
"534","23.523364","18.182.199.179","192.168.43.23","TCP","54","443  >  52215 [ACK] Seq=1 Ack=234 Win=26800 Len=0"
"535","23.523365","18.182.199.179","192.168.43.23","TLSv1.2","199","Server Hello, Change Cipher Spec, Encrypted Handshake Message"
"536","23.523856","192.168.43.23","18.182.199.179","TLSv1.2","105","Change Cipher Spec, Encrypted Handshake Message"
"537","23.722910","192.168.43.23","18.185.212.135","TCP","287","[TCP Retransmission] 52213  >  443 [PSH, ACK] Seq=1 Ack=1 Win=17520 Len=233"
"538","23.728892","18.185.212.135","192.168.43.23","TCP","54","443  >  52213 [ACK] Seq=1 Ack=234 Win=26800 Len=0"
"539","23.728893","18.185.212.135","192.168.43.23","TLSv1.2","199","Server Hello, Change Cipher Spec, Encrypted Handshake Message"
"540","23.728894","46.51.195.194","192.168.43.23","TCP","54","443  >  52216 [ACK] Seq=1 Ack=234 Win=28160 Len=0"
"541","23.728895","46.51.195.194","192.168.43.23","TLSv1.2","199","Server Hello, Change Cipher Spec, Encrypted Handshake Message"
"542","23.729790","192.168.43.23","18.185.212.135","TLSv1.2","105","Change Cipher Spec, Encrypted Handshake Message"
"543","23.730144","192.168.43.23","46.51.195.194","TLSv1.2","105","Change Cipher Spec, Encrypted Handshake Message"
"544","23.794470","192.168.43.23","52.38.128.36","TLSv1.2","85","Encrypted Alert"
"545","23.794843","192.168.43.23","52.38.128.36","TCP","66","52218  >  443 [SYN] Seq=0 Win=17520 Len=0 MSS=1460 WS=256 SACK_PERM=1"
"546","23.830812","159.69.129.2","192.168.43.23","TCP","66","443  >  51491 [ACK] Seq=1 Ack=2 Win=230 Len=0 SLE=1 SRE=2"
"547","23.879051","35.168.146.102","192.168.43.23","TLSv1.2","252","[TCP Spurious Retransmission] , Application Data"
"548","23.879123","192.168.43.23","35.168.146.102","TCP","54","[TCP Dup ACK 528#1] 52210  >  443 [ACK] Seq=738 Ack=3429 Win=17271 Len=0"
"549","23.895704","18.182.199.179","192.168.43.23","TCP","54","[TCP Dup ACK 534#1] 443  >  52215 [ACK] Seq=146 Ack=234 Win=26800 Len=0"
"550","23.895706","18.182.199.179","192.168.43.23","TCP","54","443  >  52215 [ACK] Seq=146 Ack=285 Win=26800 Len=0"
"551","23.895815","192.168.43.23","18.182.199.179","TLSv1.2","400","Application Data"
"552","23.903876","46.51.195.194","192.168.43.23","TCP","66","[TCP Dup ACK 540#1] 443  >  52216 [ACK] Seq=146 Ack=234 Win=28160 Len=0 SLE=1 SRE=234"
"553","23.953283","35.168.146.102","192.168.43.23","TLSv1.2","85","Encrypted Alert"
"554","23.953285","35.168.146.102","192.168.43.23","TCP","54","443  >  52210 [FIN, ACK] Seq=3460 Ack=738 Win=27872 Len=0"
"555","23.953668","192.168.43.23","35.168.146.102","TCP","54","52210  >  443 [RST, ACK] Seq=738 Ack=3460 Win=0 Len=0"
"556","23.969192","52.38.128.36","192.168.43.23","TCP","54","443  >  52212 [ACK] Seq=146 Ack=631 Win=27872 Len=0"
"557","23.969194","52.38.128.36","192.168.43.23","TLSv1.2","252","Application Data"
"558","23.969547","192.168.43.23","52.38.128.36","TCP","54","52212  >  443 [RST, ACK] Seq=663 Ack=344 Win=0 Len=0"
"559","23.971040","35.168.146.102","192.168.43.23","TCP","58","443  >  52217 [SYN, ACK] Seq=0 Ack=1 Win=26883 Len=0 MSS=1360"
"560","23.971427","192.168.43.23","35.168.146.102","TCP","54","52217  >  443 [ACK] Seq=1 Ack=1 Win=17520 Len=0"
"561","23.971881","192.168.43.23","35.168.146.102","TLSv1.2","287","Client Hello"
"562","24.025100","18.185.212.135","192.168.43.23","TCP","54","[TCP Dup ACK 538#1] 443  >  52213 [ACK] Seq=146 Ack=234 Win=26800 Len=0"
"563","24.072992","18.185.212.135","192.168.43.23","TCP","54","443  >  52213 [ACK] Seq=146 Ack=285 Win=26800 Len=0"
"564","24.073103","192.168.43.23","18.185.212.135","TLSv1.2","400","Application Data"
"565","24.084014","46.51.195.194","192.168.43.23","TCP","54","443  >  52216 [ACK] Seq=146 Ack=285 Win=28160 Len=0"
"566","24.084127","192.168.43.23","46.51.195.194","TLSv1.2","400","Application Data"
"567","24.142799","18.182.199.179","192.168.43.23","TCP","54","443  >  52215 [ACK] Seq=146 Ack=631 Win=27872 Len=0"
"568","24.142800","18.182.199.179","192.168.43.23","TLSv1.2","252","Application Data"
"569","24.143117","192.168.43.23","18.182.199.179","TLSv1.2","85","Encrypted Alert"
"570","24.143190","192.168.43.23","18.182.199.179","TCP","54","52215  >  443 [FIN, ACK] Seq=662 Ack=344 Win=17177 Len=0"
"571","24.230343","52.38.128.36","192.168.43.23","TLSv1.2","85","Encrypted Alert"
"572","24.230344","52.38.128.36","192.168.43.23","TCP","54","443  >  52212 [FIN, ACK] Seq=375 Ack=663 Win=27872 Len=0"
"573","24.237428","52.38.128.36","192.168.43.23","TCP","58","443  >  52218 [SYN, ACK] Seq=0 Ack=1 Win=26883 Len=0 MSS=1360"
"574","24.237907","192.168.43.23","52.38.128.36","TCP","54","52218  >  443 [ACK] Seq=1 Ack=1 Win=17520 Len=0"
"575","24.238500","192.168.43.23","52.38.128.36","TLSv1.2","287","Client Hello"
"576","24.317743","35.168.146.102","192.168.43.23","TCP","54","443  >  52217 [ACK] Seq=1 Ack=234 Win=26800 Len=0"
"577","24.317745","35.168.146.102","192.168.43.23","TLSv1.2","199","Server Hello, Change Cipher Spec, Encrypted Handshake Message"
"578","24.318571","192.168.43.23","35.168.146.102","TLSv1.2","105","Change Cipher Spec, Encrypted Handshake Message"
"579","24.337867","18.185.212.135","192.168.43.23","TCP","54","443  >  52213 [ACK] Seq=146 Ack=631 Win=27872 Len=0"
"580","24.337868","18.185.212.135","192.168.43.23","TLSv1.2","252","Application Data"
"581","24.338450","192.168.43.23","18.185.212.135","TLSv1.2","85","Encrypted Alert"
"582","24.338579","192.168.43.23","18.185.212.135","TCP","54","52213  >  443 [FIN, ACK] Seq=662 Ack=344 Win=17177 Len=0"
"583","24.347942","46.51.195.194","192.168.43.23","TCP","54","443  >  52216 [ACK] Seq=146 Ack=631 Win=29184 Len=0"
"584","24.347943","46.51.195.194","192.168.43.23","TLSv1.2","252","Application Data"
"585","24.347944","18.182.199.179","192.168.43.23","TLSv1.2","85","Encrypted Alert"
"586","24.348203","192.168.43.23","18.182.199.179","TCP","54","52215  >  443 [RST, ACK] Seq=663 Ack=375 Win=0 Len=0"
"587","24.348379","192.168.43.23","46.51.195.194","TLSv1.2","85","Encrypted Alert"
"588","24.348477","192.168.43.23","46.51.195.194","TCP","54","52216  >  443 [FIN, ACK] Seq=662 Ack=344 Win=17152 Len=0"
"589","24.349311","18.182.199.179","192.168.43.23","TCP","54","443  >  52215 [FIN, ACK] Seq=375 Ack=662 Win=27872 Len=0"
"590","24.361626","18.182.199.179","192.168.43.23","TCP","54","443  >  52215 [ACK] Seq=376 Ack=663 Win=27872 Len=0"
"591","24.663986","18.185.212.135","192.168.43.23","TLSv1.2","85","Encrypted Alert"
"592","24.663987","18.185.212.135","192.168.43.23","TCP","54","443  >  52213 [FIN, ACK] Seq=375 Ack=663 Win=27872 Len=0"
"593","24.663988","46.51.195.194","192.168.43.23","TLSv1.2","85","Encrypted Alert"
"594","24.663988","46.51.195.194","192.168.43.23","TCP","54","443  >  52216 [FIN, ACK] Seq=375 Ack=663 Win=29184 Len=0"
"595","24.663989","52.38.128.36","192.168.43.23","TCP","54","443  >  52218 [ACK] Seq=1 Ack=234 Win=26800 Len=0"
"596","24.663989","52.38.128.36","192.168.43.23","TLSv1.2","199","Server Hello, Change Cipher Spec, Encrypted Handshake Message"
"597","24.663990","35.168.146.102","192.168.43.23","TCP","54","443  >  52217 [ACK] Seq=146 Ack=285 Win=26800 Len=0"
"598","24.664255","192.168.43.23","18.185.212.135","TCP","54","52213  >  443 [RST, ACK] Seq=663 Ack=375 Win=0 Len=0"
"599","24.664257","192.168.43.23","46.51.195.194","TCP","54","52216  >  443 [RST, ACK] Seq=663 Ack=375 Win=0 Len=0"
"600","24.664269","192.168.43.23","35.168.146.102","TLSv1.2","400","Application Data"
"601","24.664599","192.168.43.23","52.38.128.36","TLSv1.2","105","Change Cipher Spec, Encrypted Handshake Message"
"602","25.481612","35.168.146.102","192.168.43.23","TCP","54","443  >  52217 [ACK] Seq=146 Ack=631 Win=27872 Len=0"
"603","25.481613","35.168.146.102","192.168.43.23","TLSv1.2","252","Application Data"
"604","25.481614","52.38.128.36","192.168.43.23","TCP","54","443  >  52218 [ACK] Seq=146 Ack=285 Win=26800 Len=0"
"605","25.481802","192.168.43.23","52.38.128.36","TLSv1.2","400","Application Data"
"606","25.482289","192.168.43.23","35.168.146.102","TLSv1.2","85","Encrypted Alert"
"607","25.482472","192.168.43.23","35.168.146.102","TCP","54","52217  >  443 [FIN, ACK] Seq=662 Ack=344 Win=17177 Len=0"
"608","26.301045","192.168.43.1","192.168.43.23","TCP","74","43321  >  8081 [SYN] Seq=0 Win=65535 Len=0 MSS=1460 SACK_PERM=1 TSval=19816077 TSecr=0 WS=256"
"609","26.301331","192.168.43.23","192.168.43.1","TCP","66","8081  >  43321 [SYN, ACK] Seq=0 Ack=1 Win=17520 Len=0 MSS=1460 WS=256 SACK_PERM=1"
"610","26.301728","35.168.146.102","192.168.43.23","TLSv1.2","252","[TCP Spurious Retransmission] , Application Data"
"611","26.301729","81.161.59.96","192.168.43.23","TCP","54","[TCP Keep-Alive] 80  >  52065 [ACK] Seq=280 Ack=96 Win=1 Len=0"
"612","26.301730","35.168.146.102","192.168.43.23","TLSv1.2","85","Encrypted Alert"
"613","26.301731","35.168.146.102","192.168.43.23","TCP","54","443  >  52217 [FIN, ACK] Seq=375 Ack=663 Win=27872 Len=0"
"614","26.301731","52.38.128.36","192.168.43.23","TCP","54","443  >  52218 [ACK] Seq=146 Ack=631 Win=27872 Len=0"
"615","26.301732","52.38.128.36","192.168.43.23","TLSv1.2","252","Application Data"
"616","26.301795","192.168.43.23","35.168.146.102","TCP","54","[TCP Dup ACK 606#1] 52217  >  443 [ACK] Seq=663 Ack=344 Win=17177 Len=0"
"617","26.301930","192.168.43.23","81.161.59.96","TCP","54","[TCP Keep-Alive ACK] 52065  >  80 [ACK] Seq=96 Ack=281 Win=67 Len=0"
"618","26.302344","192.168.43.23","35.168.146.102","TCP","54","52217  >  443 [RST, ACK] Seq=663 Ack=375 Win=0 Len=0"
"619","26.302724","192.168.43.23","52.38.128.36","TLSv1.2","85","Encrypted Alert"
"620","26.302879","192.168.43.23","52.38.128.36","TCP","54","52218  >  443 [FIN, ACK] Seq=662 Ack=344 Win=17177 Len=0"
"621","26.306092","192.168.43.1","192.168.43.23","HTTP","500","GET / HTTP/1.1 "
"622","26.306470","192.168.43.1","192.168.43.23","TCP","54","43321  >  8081 [ACK] Seq=1 Ack=1 Win=87808 Len=0"
"623","26.308056","192.168.43.23","52.214.233.55","TCP","66","52219  >  443 [SYN] Seq=0 Win=17520 Len=0 MSS=1460 WS=256 SACK_PERM=1"
"624","26.313569","192.168.43.23","18.182.199.179","TCP","66","52220  >  443 [SYN] Seq=0 Win=17520 Len=0 MSS=1460 WS=256 SACK_PERM=1"
"625","26.347902","192.168.43.23","192.168.43.1","TCP","54","8081  >  43319 [ACK] Seq=1 Ack=447 Win=16896 Len=0"
"626","26.368651","81.161.59.130","192.168.43.23","TCP","54","[TCP Dup ACK 6#2] 80  >  52177 [ACK] Seq=1 Ack=1 Win=3 Len=0"
"627","26.368710","192.168.43.23","81.161.59.130","TCP","54","[TCP Dup ACK 8#2] [TCP ACKed unseen segment] 52177  >  80 [ACK] Seq=1 Ack=2 Win=64 Len=0"
"628","26.711691","18.182.199.179","192.168.43.23","TCP","58","443  >  52220 [SYN, ACK] Seq=0 Ack=1 Win=26883 Len=0 MSS=1360"
"629","26.711692","52.214.233.55","192.168.43.23","TCP","66","443  >  52219 [SYN, ACK] Seq=0 Ack=1 Win=26883 Len=0 MSS=1360 SACK_PERM=1 WS=256"
"630","26.712174","192.168.43.23","18.182.199.179","TCP","54","52220  >  443 [ACK] Seq=1 Ack=1 Win=17520 Len=0"
"631","26.712435","192.168.43.23","52.214.233.55","TCP","54","52219  >  443 [ACK] Seq=1 Ack=1 Win=17408 Len=0"
"632","26.712783","192.168.43.23","52.214.233.55","TLSv1.2","255","Client Hello"
"633","26.713429","52.38.128.36","192.168.43.23","TLSv1.2","85","Encrypted Alert"
"634","26.713431","52.38.128.36","192.168.43.23","TCP","54","443  >  52218 [FIN, ACK] Seq=375 Ack=663 Win=27872 Len=0"
"635","26.713791","192.168.43.23","52.38.128.36","TCP","54","52218  >  443 [RST, ACK] Seq=663 Ack=375 Win=0 Len=0"
"636","26.817884","192.168.43.23","192.168.43.1","HTTP","755","HTTP/1.0 200 OK "
"637","26.817907","192.168.43.23","18.182.199.179","TLSv1.2","287","Client Hello"
"638","26.818019","192.168.43.23","192.168.43.1","TCP","54","8081  >  43319 [FIN, ACK] Seq=702 Ack=447 Win=16896 Len=0"
"639","26.823370","192.168.43.1","192.168.43.23","TCP","54","43319  >  8081 [ACK] Seq=447 Ack=702 Win=89088 Len=0"
"640","26.840890","192.168.43.1","192.168.43.23","TCP","54","43319  >  8081 [FIN, ACK] Seq=447 Ack=703 Win=89088 Len=0"
"641","26.841964","192.168.43.23","192.168.43.1","TCP","54","8081  >  43319 [ACK] Seq=703 Ack=448 Win=16896 Len=0"
"642","27.215969","192.168.43.23","52.214.233.55","TCP","54","52219  >  443 [FIN, ACK] Seq=202 Ack=1 Win=17408 Len=0"
"643","27.322247","18.182.199.179","192.168.43.23","TCP","54","443  >  52220 [ACK] Seq=1 Ack=234 Win=26800 Len=0"
"644","27.322249","18.182.199.179","192.168.43.23","TLSv1.2","1354","Server Hello"
"645","27.346959","18.182.199.179","192.168.43.23","TCP","1354","443  >  52220 [ACK] Seq=1301 Ack=234 Win=26800 Len=1300 [TCP segment of a reassembled PDU]"
"646","27.346961","18.182.199.179","192.168.43.23","TLSv1.2","633","Certificate, Server Key Exchange, Server Hello Done"
"647","27.347121","192.168.43.23","18.182.199.179","TCP","54","52220  >  443 [ACK] Seq=234 Ack=3180 Win=17520 Len=0"
"648","27.347701","52.214.233.55","192.168.43.23","TCP","54","443  >  52219 [ACK] Seq=1 Ack=202 Win=28160 Len=0"
"649","27.348562","52.214.233.55","192.168.43.23","TLSv1.2","1414","Server Hello"
"650","27.348806","192.168.43.23","52.214.233.55","TCP","54","52219  >  443 [RST, ACK] Seq=203 Ack=1361 Win=0 Len=0"
"651","27.360712","192.168.43.23","18.182.199.179","TLSv1.2","180","Client Key Exchange, Change Cipher Spec, Encrypted Handshake Message"
"652","27.436870","52.214.233.55","192.168.43.23","TCP","1414","443  >  52219 [ACK] Seq=1361 Ack=202 Win=28160 Len=1360 [TCP segment of a reassembled PDU]"
"653","27.436874","52.214.233.55","192.168.43.23","TLSv1.2","513","Certificate, Server Key Exchange, Server Hello Done"
"654","27.485296","52.214.233.55","192.168.43.23","TCP","54","443  >  52219 [FIN, ACK] Seq=3180 Ack=203 Win=28160 Len=0"
"657","27.569082","18.182.199.179","192.168.43.23","TLSv1.2","105","Change Cipher Spec, Encrypted Handshake Message"
"658","27.569994","192.168.43.23","18.182.199.179","TLSv1.2","471","Application Data"
"659","28.335455","192.168.43.23","18.182.199.179","TLSv1.2","999","Application Data"
"660","28.339220","18.182.199.179","192.168.43.23","TCP","54","443  >  52220 [ACK] Seq=3231 Ack=777 Win=27872 Len=0"
"661","28.339320","192.168.43.23","18.182.199.179","TCP","999","[TCP Retransmission] 52220  >  443 [PSH, ACK] Seq=777 Ack=3231 Win=17469 Len=945"
"662","29.168176","18.182.199.179","192.168.43.23","TCP","54","443  >  52220 [ACK] Seq=3231 Ack=1722 Win=29295 Len=0"
"663","29.168177","18.182.199.179","192.168.43.23","TLSv1.2","259","Application Data"
"664","29.168596","192.168.43.23","18.182.199.179","TLSv1.2","85","Encrypted Alert"
"665","29.168693","192.168.43.23","18.182.199.179","TCP","54","52220  >  443 [FIN, ACK] Seq=1753 Ack=3436 Win=17264 Len=0"
"666","29.577579","18.182.199.179","192.168.43.23","TCP","54","[TCP Dup ACK 662#1] 443  >  52220 [ACK] Seq=3436 Ack=1722 Win=29295 Len=0"
"667","29.579930","18.182.199.179","192.168.43.23","TCP","54","443  >  52220 [ACK] Seq=3436 Ack=1753 Win=29295 Len=0"
"668","29.579932","18.182.199.179","192.168.43.23","TLSv1.2","85","Encrypted Alert"
"669","29.579933","18.182.199.179","192.168.43.23","TCP","54","443  >  52220 [FIN, ACK] Seq=3467 Ack=1753 Win=29295 Len=0"
"670","29.580264","192.168.43.23","18.182.199.179","TCP","54","52220  >  443 [RST, ACK] Seq=1754 Ack=3467 Win=0 Len=0"
"671","29.580892","18.182.199.179","192.168.43.23","TCP","54","443  >  52220 [ACK] Seq=3468 Ack=1754 Win=29295 Len=0"
"672","30.396785","81.161.59.85","192.168.43.23","TCP","54","[TCP Keep-Alive] 80  >  52193 [ACK] Seq=0 Ack=96 Win=4096 Len=0"
